,,,,,Scoring,Scoring,Scoring,Scoring,Scoring,Scoring,,,Special Teams,Special Teams,,Assists,Assists,Assists,Shot Data,Shot Data,Ice Time,Ice Time
Rk,Player,Age,Tm,Pos,GP,G,A,PTS,+/-,PIM,PS,EV,PP,SH,GW,EV,PP,SH,S,S%,TOI,ATOI
1,Antti Aalto\aaltoan01,25,MDA,C,12,1,1,2,1,2,0.2,1,0,0,0,1,0,0,18,5.6,127,10:37
2,Bryan Adams\adamsbr01,23,ATL,LW,9,0,1,1,-4,2,-0.2,0,0,0,0,1,0,0,3,0.0,87,9:37
3,Craig Adams\adamscr01,23,CAR,RW,44,1,0,1,-7,20,-0.3,1,0,0,0,0,0,0,15,6.7,198,4:30
4,Greg Adams\adamsgr02,37,FLA,LW,60,11,12,23,-3,10,2.0,9,2,0,1,12,0,0,66,16.7,863,14:23
5,Kevyn Adams\adamske01,26,TOT,C,78,11,18,29,3,54,2.4,11,0,0,3,17,0,1,105,10.5,1219,15:38
5,Kevyn Adams\adamske01,26,CBJ,C,66,8,12,20,-4,52,1.3,8,0,0,1,11,0,1,84,9.5,1010,15:18
5,Kevyn Adams\adamske01,26,FLA,C,12,3,6,9,7,2,1.2,3,0,0,2,6,0,0,21,14.3,209,17:25
6,Dmitry Afanasenkov\afanadm01,20,TBL,LW,9,1,1,2,1,4,0.2,1,0,0,0,1,0,0,8,12.5,103,11:24
7,Maxim Afinogenov\afinoma01,21,BUF,RW,78,14,22,36,1,40,3.5,11,3,0,5,15,7,0,190,7.4,1134,14:32
8,Mika Alatalo\alatami01,29,PHX,LW,70,7,12,19,1,22,1.4,7,0,0,1,11,1,0,64,10.9,769,10:59
9,Tommy Albelin\albelto01,36,CGY,D,77,1,19,20,2,22,4.5,0,1,0,0,9,10,0,69,1.4,1608,20:53
10,Daniel Alfredsson\alfreda01,28,OTT,RW,68,24,46,70,11,30,7.7,14,10,0,3,31,15,0,206,11.7,1277,18:47
11,Bryan Allen\allenbr01,20,VAN,D,6,0,0,0,0,0,0.0,0,0,0,0,0,0,0,2,0.0,56,9:20
12,Jamie Allison\allisja01,25,CHI,D,44,1,3,4,7,53,1.7,1,0,0,0,3,0,0,16,6.3,640,14:33
13,Jason Allison\allisja02,25,BOS,C,82,36,59,95,-8,85,9.9,22,11,3,6,25,33,1,185,19.5,1915,23:21
14,Tony Amonte\amontto01,30,CHI,RW,82,35,29,64,-22,54,6.6,25,9,1,3,15,14,0,256,13.7,1816,22:09
15,Niklas Andersson\anderni01,29,CGY,LW,11,0,1,1,0,4,-0.1,0,0,0,0,1,0,0,8,0.0,123,11:10
16,Dave Andreychuk*\andreda01,37,BUF,LW,74,20,13,33,0,32,4.1,12,8,0,4,6,7,0,119,16.8,887,12:00
17,Nik Antropov\antroni01,20,TOR,C,52,6,11,17,5,30,1.6,6,0,0,1,8,3,0,71,8.5,522,10:02
18,Denis Arkhipov\arkhide01,21,NSH,C,40,6,7,13,0,4,1.4,6,0,0,0,6,1,0,42,14.3,397,9:56
19,Chris Armstrong\armstch01,25,MIN,D,3,0,0,0,-3,0,-0.1,0,0,0,0,0,0,0,4,0.0,54,18:06
20,Derek Armstrong\armstde01,27,NYR,C,3,0,0,0,0,0,-0.1,0,0,0,0,0,0,0,6,0.0,34,11:22
21,Jason Arnott\arnotja01,26,NJD,C,54,21,34,55,23,75,6.9,13,8,0,3,27,7,0,138,15.2,875,16:12
22,Magnus Arvedson\arvedma01,29,OTT,LW,51,17,16,33,23,24,4.5,14,1,2,4,16,0,0,79,21.5,817,16:01
23,Arron Asham\ashamar01,22,MTL,RW,46,2,3,5,-9,59,-0.2,2,0,0,0,2,1,0,32,6.3,389,8:28
24,Kaspars Astashenko\astaska01,25,TBL,D,15,1,1,2,-4,4,0.1,1,0,0,0,1,0,0,4,25.0,103,6:50
25,Blair Atcheynum\atchebl01,31,CHI,RW,19,1,2,3,-7,2,-0.1,1,0,0,0,2,0,0,18,5.6,173,9:06
26,Serge Aubin\aubinse01,25,CBJ,C,81,13,17,30,-20,107,1.7,13,0,0,2,16,0,1,110,11.8,1324,16:20
27,Adrian Aucoin\aucoiad01,27,TOT,D,73,4,24,28,5,45,5.1,2,2,0,0,9,15,0,159,2.5,1475,20:12
27,Adrian Aucoin\aucoiad01,27,VAN,D,47,3,13,16,13,20,3.7,2,1,0,0,6,7,0,99,3.0,862,18:21
27,Adrian Aucoin\aucoiad01,27,TBL,D,26,1,11,12,-8,25,1.4,0,1,0,0,3,8,0,60,1.7,613,23:34
28,Donald Audette\audetdo01,31,TOT,RW,76,34,45,79,-2,76,8.9,19,14,1,3,28,17,0,225,15.1,1508,19:50
28,Donald Audette\audetdo01,31,ATL,RW,64,32,39,71,-3,64,8.2,18,13,1,2,25,14,0,187,17.1,1299,20:18
28,Donald Audette\audetdo01,31,BUF,RW,12,2,6,8,1,12,0.8,1,1,0,1,3,3,0,38,5.3,209,17:25
29,P.J. Axelsson\axelspj01,25,BOS,LW,81,8,15,23,-12,27,1.0,8,0,0,2,15,0,0,146,5.5,1013,12:30
30,Yuri Babenko\babenyu01,23,COL,C,3,0,0,0,0,0,-0.1,0,0,0,0,0,0,0,2,0.0,32,10:34
31,Drew Bannister\bannidr01,26,NYR,D,3,0,0,0,-1,0,-0.1,0,0,0,0,0,0,0,3,0.0,32,10:47
32,Matthew Barnaby\barnama01,27,TOT,RW,76,5,8,13,-10,265,0.1,4,1,0,0,5,3,0,67,7.5,732,9:38
32,Matthew Barnaby\barnama01,27,PIT,RW,47,1,4,5,-7,168,-0.4,1,0,0,0,3,1,0,38,2.6,367,7:49
32,Matthew Barnaby\barnama01,27,TBL,RW,29,4,4,8,-3,97,0.5,3,1,0,0,2,2,0,29,13.8,364,12:34
33,Stu Barnes\barnest01,30,BUF,C,75,19,24,43,-2,26,4.1,14,3,2,5,16,8,0,160,11.9,1433,19:06
34,Murray Baron\baronmu01,33,VAN,D,82,3,8,11,-13,63,1.7,3,0,0,1,6,0,2,56,5.4,1591,19:24
35,Len Barrie\barrile01,31,FLA,LW,60,5,18,23,4,135,1.8,4,0,1,2,15,3,0,48,10.4,754,12:34
36,Lubos Bartecko\bartelu01,24,STL,LW,50,5,8,13,-1,12,1.0,5,0,0,3,7,1,0,51,9.8,521,10:25
37,Peter Bartos\bartope01,27,MIN,RW,13,4,2,6,2,6,0.9,3,1,0,1,1,1,0,18,22.2,180,13:50
38,Andrei Bashkirov\bashkan01,30,MTL,LW,18,0,3,3,-2,0,-0.1,0,0,0,0,3,0,0,22,0.0,210,11:41
39,Shawn Bates\batessh01,25,BOS,C,45,2,3,5,-12,26,-0.5,2,0,0,0,1,2,0,59,3.4,419,9:19
40,Bates Battaglia\battaba01,25,CAR,LW,80,12,15,27,-14,76,1.9,10,2,0,3,14,1,0,133,9.0,1157,14:28
41,Nolan Baumgartner\baumgno01,24,CHI,D,8,0,0,0,-4,6,-0.2,0,0,0,0,0,0,0,7,0.0,101,12:40
42,Kris Beech\beechkr01,19,WSH,C,4,0,0,0,-2,2,-0.1,0,0,0,0,0,0,0,0,,30,7:29
43,Steve Begin\beginst01,22,CGY,C,4,0,0,0,0,21,0.0,0,0,0,0,0,0,0,3,0.0,24,6:04
44,Wade Belak\belakwa01,24,TOT,D,39,1,1,2,-6,110,0.3,1,0,0,0,1,0,0,16,6.3,377,9:40
44,Wade Belak\belakwa01,24,CGY,D,23,0,0,0,-2,79,0.1,0,0,0,0,0,0,0,8,0.0,159,6:54
44,Wade Belak\belakwa01,24,TOR,D,16,1,1,2,-4,31,0.2,1,0,0,0,1,0,0,8,12.5,218,13:38
45,Eric Belanger\belaner01,23,LAK,C,62,9,12,21,14,16,2.0,6,1,2,1,11,1,0,80,11.3,832,13:25
46,Francis Belanger\belanfr01,23,MTL,LW,10,0,0,0,-3,29,-0.2,0,0,0,0,0,0,0,2,0.0,45,4:30
47,Jesse Belanger\belanje01,31,NYI,C,12,0,0,0,-5,2,-0.3,0,0,0,0,0,0,0,7,0.0,70,5:52
48,Ken Belanger\belanke01,26,BOS,LW,40,2,2,4,-6,121,-0.1,2,0,0,1,2,0,0,35,5.7,284,7:06
49,Mark Bell\bellma01,20,CHI,C,13,0,1,1,0,4,-0.1,0,0,0,0,1,0,0,14,0.0,156,12:00
50,Ladislav Benysek\benysla01,25,MIN,D,71,2,5,7,-11,38,2.3,1,1,0,0,3,2,0,48,4.2,1307,18:25
51,Josef Beranek\beranjo01,31,PIT,LW,70,9,14,23,-7,43,0.8,7,2,0,2,10,4,0,152,5.9,1011,14:27
52,Drake Berehowsky\berehdr01,29,TOT,D,80,7,19,26,-9,121,5.3,3,4,0,1,7,12,0,107,6.5,1668,20:51
52,Drake Berehowsky\berehdr01,29,NSH,D,66,6,18,24,-9,100,4.8,3,3,0,1,6,12,0,94,6.4,1428,21:38
52,Drake Berehowsky\berehdr01,29,VAN,D,14,1,1,2,0,21,0.5,0,1,0,0,1,0,0,13,7.7,240,17:10
53,Bubba Berenzweig\berenbu01,23,NSH,D,5,0,0,0,0,0,0.1,0,0,0,0,0,0,0,0,,60,11:57
54,Sergei Berezin\berezse01,29,TOR,LW,79,22,28,50,2,8,5.3,12,10,0,3,23,5,0,256,8.6,1239,15:41
55,Aki Berg\bergak01,23,TOT,D,59,3,4,7,-3,45,1.5,0,3,0,1,4,0,0,43,7.0,919,15:34
55,Aki Berg\bergak01,23,LAK,D,47,0,4,4,3,43,1.1,0,0,0,0,4,0,0,31,0.0,700,14:54
55,Aki Berg\bergak01,23,TOR,D,12,3,0,3,-6,2,0.4,0,3,0,1,0,0,0,12,25.0,219,18:13
56,Marc Bergevin\bergema01,35,TOT,D,38,1,4,5,6,26,1.1,1,0,0,0,4,0,0,12,8.3,640,16:50
56,Marc Bergevin\bergema01,35,PIT,D,36,1,4,5,5,26,1.0,1,0,0,0,4,0,0,11,9.1,610,16:57
56,Marc Bergevin\bergema01,35,STL,D,2,0,0,0,1,0,0.1,0,0,0,0,0,0,0,1,0.0,30,14:51
57,Rick Berry\berryri01,22,COL,D,19,0,4,4,5,38,1.0,0,0,0,0,4,0,0,10,0.0,231,12:08
58,Eric Bertrand\bertrer01,25,MTL,LW,3,0,0,0,0,0,0.0,0,0,0,0,0,0,0,0,,13,4:20
59,Todd Bertuzzi\bertuto01,25,VAN,LW,79,25,30,55,-18,93,5.2,11,14,0,3,20,10,0,203,12.3,1360,17:13
60,Craig Berube\berubcr01,35,TOT,LW,60,0,3,3,-8,72,-0.6,0,0,0,0,3,0,0,35,0.0,352,5:52
60,Craig Berube\berubcr01,35,NYI,LW,38,0,2,2,-5,54,-0.3,0,0,0,0,2,0,0,27,0.0,229,6:02
60,Craig Berube\berubcr01,35,WSH,LW,22,0,1,1,-3,18,-0.2,0,0,0,0,1,0,0,8,0.0,123,5:34
61,Radim Bicanek\bicanra01,26,CBJ,D,9,0,2,2,1,6,0.5,0,0,0,0,2,0,0,11,0.0,154,17:08
62,Jiri Bicek\bicekji01,22,NJD,LW,5,1,0,1,0,4,0.1,1,0,0,0,0,0,0,10,10.0,65,13:04
63,Mathieu Biron\bironma02,20,NYI,D,14,0,1,1,2,12,0.5,0,0,0,0,1,0,0,10,0.0,173,12:21
64,James Black\blackja01,31,WSH,LW,42,1,5,6,-3,4,0.0,1,0,0,0,5,0,0,34,2.9,381,9:04
65,Jason Blake\blakeja01,27,TOT,C,47,5,11,16,-20,34,0.3,3,1,1,0,7,4,0,100,5.0,642,13:40
65,Jason Blake\blakeja01,27,NYI,C,30,4,8,12,-12,24,0.5,2,1,1,0,5,3,0,73,5.5,471,15:43
65,Jason Blake\blakeja01,27,LAK,C,17,1,3,4,-8,10,-0.1,1,0,0,0,2,1,0,27,3.7,171,10:03
66,Rob Blake*\blakero01,31,TOT,D,67,19,40,59,3,77,9.5,9,10,0,2,20,19,1,267,7.1,1860,27:46
66,Rob Blake*\blakero01,31,LAK,D,54,17,32,49,-8,69,7.2,8,9,0,1,14,17,1,223,7.6,1522,28:11
66,Rob Blake*\blakero01,31,COL,D,13,2,8,10,11,8,2.3,1,1,0,1,6,2,0,44,4.5,339,26:03
67,Sylvain Blouin\blouisy01,26,MIN,LW,41,3,2,5,-5,117,0.1,3,0,0,0,2,0,0,37,8.1,406,9:54
68,Eric Boguniecki\boguner01,25,STL,C,1,0,0,0,-1,0,-0.1,0,0,0,0,0,0,0,1,0.0,14,13:44
69,Alexandre Boikov\boikoal01,25,NSH,D,8,0,0,0,-1,13,0.0,0,0,0,0,0,0,0,3,0.0,50,6:18
70,Brad Bombardir\bombabr01,28,MIN,D,70,0,15,15,-6,42,3.5,0,0,0,0,10,3,2,81,0.0,1458,20:50
71,Peter Bondra\bondrpe01,32,WSH,LW,82,45,36,81,8,60,10.3,19,22,4,8,24,11,1,305,14.8,1705,20:48
72,Brian Bonin\boninbr01,27,MIN,LW,7,0,0,0,-3,0,-0.2,0,0,0,0,0,0,0,7,0.0,68,9:46
73,Radek Bonk\bonkra01,25,OTT,C,74,23,36,59,27,52,7.0,16,5,2,3,22,12,2,139,16.5,1352,18:16
74,Dennis Bonvie\bonvide01,27,PIT,RW,3,0,0,0,-1,0,-0.1,0,0,0,0,0,0,0,1,0.0,10,3:30
75,Sebastien Bordeleau\bordese01,25,NSH,C,14,2,3,5,-4,14,0.3,2,0,0,0,3,0,0,20,10.0,177,12:40
76,Joel Bouchard\bouchjo01,27,PHX,D,32,1,2,3,-8,22,0.3,1,0,0,0,2,0,0,26,3.8,463,14:28
77,Philippe Boucher\bouchph01,27,LAK,D,22,2,4,6,4,20,1.4,0,2,0,0,3,1,0,40,5.0,405,18:25
78,Tyler Bouck\bouckty01,21,DAL,LW,48,2,5,7,-3,29,0.1,2,0,0,1,5,0,0,41,4.9,431,8:59
79,Bob Boughner\boughbo01,29,PIT,D,58,1,3,4,18,147,1.9,1,0,0,0,3,0,0,46,2.2,957,16:30
80,Francis Bouillon\bouilfr01,25,MTL,D,29,0,6,6,3,26,1.4,0,0,0,0,2,4,0,24,0.0,389,13:24
81,Eric Boulton\boulter01,24,BUF,LW,35,1,2,3,-1,94,0.1,1,0,0,0,2,0,0,20,5.0,199,5:42
82,Ray Bourque*\bourqra01,40,COL,D,80,7,52,59,25,48,10.2,3,2,2,0,21,31,0,216,3.2,2088,26:06
83,Bill Bowler\bowlebi01,26,CBJ,C,9,0,2,2,-3,8,0.0,0,0,0,0,0,2,0,3,0.0,88,9:44
84,Dan Boyle\boyleda01,24,FLA,D,69,4,18,22,-14,28,2.9,3,1,0,0,6,12,0,83,4.8,1169,16:56
85,Nick Boynton\boyntni01,22,BOS,D,1,0,0,0,-1,0,-0.1,0,0,0,0,0,0,0,1,0.0,14,14:27
86,Matt Bradley\bradlma01,22,SJS,RW,21,1,1,2,0,19,0.1,1,0,0,0,1,0,0,16,6.3,146,6:58
87,Donald Brashear\brashdo01,29,VAN,LW,79,9,19,28,0,145,2.0,9,0,0,1,19,0,0,127,7.1,1063,13:27
88,Rich Brennan\brennri01,28,LAK,D,2,0,0,0,-3,0,-0.2,0,0,0,0,0,0,0,1,0.0,29,14:44
89,Eric Brewer\breweer01,21,EDM,D,77,7,14,21,15,53,5.2,5,2,0,2,10,3,1,91,7.7,1425,18:31
90,Daniel Briere\brierda01,23,PHX,C,30,11,4,15,-2,12,2.0,2,9,0,1,1,3,0,43,25.6,325,10:50
91,Aris Brimanis\brimaar01,28,NYI,D,56,0,8,8,-12,26,0.9,0,0,0,0,4,4,0,66,0.0,874,15:36
92,Rod Brind'Amour\brindro01,30,CAR,C,79,20,36,56,-7,47,5.1,14,5,1,5,23,12,1,163,12.3,1748,22:07
93,Patrice Brisebois\brisepa01,30,MTL,D,77,15,21,36,-31,28,5.8,4,11,0,4,4,17,0,178,8.4,1903,24:43
94,Paul Brousseau\brouspa01,27,FLA,RW,1,0,0,0,0,0,0.0,0,0,0,0,0,0,0,0,,2,1:39
95,Brad Brown\brownbr01,25,NYR,D,48,1,3,4,0,107,0.7,1,0,0,0,3,0,0,14,7.1,697,14:31
96,Curtis Brown\browncu01,24,BUF,C,70,10,22,32,15,34,3.2,7,2,1,0,19,2,1,105,9.5,1160,16:34
97,Doug Brown\browndo01,36,DET,C,60,9,13,22,0,14,2.1,6,2,1,1,10,3,0,91,9.9,674,11:14
98,Mike Brown\brownmi01,21,VAN,LW,1,0,0,0,0,5,0.0,0,0,0,0,0,0,0,1,0.0,5,4:48
99,Sean Brown\brownse01,24,EDM,D,62,2,3,5,2,110,1.4,2,0,0,0,3,0,0,30,6.7,690,11:07
100,Benoit Brunet\brunebe01,32,MTL,RW,35,3,11,14,-4,12,0.7,3,0,0,0,7,4,0,61,4.9,583,16:40
101,Andrew Brunette\brunean01,27,ATL,LW,77,15,44,59,-5,26,5.1,9,6,0,4,28,16,0,104,14.4,1307,16:58
102,Sergei Brylin\brylise01,27,NJD,LW,75,23,29,52,25,24,6.3,19,3,1,0,23,6,0,130,17.7,1163,15:31
103,Kelly Buchberger\buchbke01,34,LAK,LW,82,6,14,20,-10,75,0.0,6,0,0,1,13,0,1,66,9.1,1183,14:26
104,Jan Bulis\bulisja01,22,TOT,C,51,5,18,23,-1,26,1.7,4,1,0,0,14,4,0,61,8.2,685,13:26
104,Jan Bulis\bulisja01,22,WSH,C,39,5,13,18,0,26,1.6,4,1,0,0,10,3,0,41,12.2,464,11:53
104,Jan Bulis\bulisja01,22,MTL,C,12,0,5,5,-1,0,0.2,0,0,0,0,4,1,0,20,0.0,221,18:25
105,Pavel Bure*\burepa01,29,FLA,RW,82,59,33,92,-2,58,11.9,35,19,5,8,24,9,0,384,15.4,2203,26:52
106,Valeri Bure\bureva01,26,CGY,RW,78,27,28,55,-21,26,5.2,11,16,0,2,17,11,0,276,9.8,1483,19:01
107,Adam Burt\burtad01,32,ATL,D,27,0,2,2,2,27,0.7,0,0,0,0,2,0,0,18,0.0,515,19:05
108,Sven Butenschön\butensv01,24,TOT,D,12,1,2,3,3,4,0.7,1,0,0,0,2,0,0,9,11.1,167,13:55
108,Sven Butenschön\butensv01,24,EDM,D,7,1,1,2,2,2,0.5,1,0,0,0,1,0,0,3,33.3,78,11:07
108,Sven Butenschön\butensv01,24,PIT,D,5,0,1,1,1,2,0.2,0,0,0,0,1,0,0,6,0.0,89,17:51
109,Yuri Butsayev\butsayu01,22,DET,C,15,1,1,2,-2,4,0.0,1,0,0,0,1,0,0,18,5.6,137,9:09
110,Petr Buzek\buzekpe01,23,ATL,D,5,0,0,0,2,8,0.2,0,0,0,0,0,0,0,11,0.0,87,17:26
111,Dan Bylsma\bylsmda01,30,MDA,LW,82,1,9,10,-12,22,-0.7,1,0,0,0,8,1,0,50,2.0,963,11:45
112,Eric Cairns\cairner01,26,NYI,D,45,2,2,4,-18,106,0.1,2,0,0,0,2,0,0,21,9.5,738,16:24
113,Kyle Calder\caldeky01,22,CHI,C,43,5,10,15,-4,14,1.1,5,0,0,1,9,1,0,63,7.9,547,12:43
114,Jan Caloun\calouja01,28,CBJ,RW,11,0,3,3,-8,2,-0.2,0,0,0,0,2,1,0,14,0.0,139,12:40
115,Brian Campbell\campbbr02,21,BUF,D,8,0,0,0,-2,2,0.0,0,0,0,0,0,0,0,7,0.0,125,15:40
116,Jim Campbell\campbji01,27,MTL,RW,57,9,11,20,-3,53,2.0,3,6,0,1,6,5,0,81,11.1,588,10:19
117,Keith Carney\carneke01,30,PHX,D,82,2,14,16,15,86,4.8,2,0,0,0,14,0,0,65,3.1,1712,20:53
118,Anson Carter\cartean01,26,EDM,LW,61,16,26,42,1,23,4.0,8,7,1,4,21,5,0,102,15.7,1111,18:13
119,Andrew Cassels\cassean01,31,VAN,C,66,12,44,56,1,10,4.8,10,2,0,1,23,19,2,104,11.5,1278,19:22
120,Zdeno Chara\charazd01,23,NYI,D,82,2,7,9,-27,157,1.2,1,0,1,0,5,0,2,83,2.4,1832,22:20
121,Brad Chartrand\chartbr01,26,LAK,RW,4,1,0,1,-2,2,0.0,1,0,0,1,0,0,0,6,16.7,46,11:37
122,Vladimir Chebaturkin\chebavl01,25,STL,D,22,1,2,3,5,26,1.1,1,0,0,0,2,0,0,5,20.0,289,13:09
123,Chris Chelios*\chelich01,39,DET,D,24,0,3,3,4,45,1.2,0,0,0,0,2,0,1,26,0.0,548,22:51
124,Jason Chimera\chimeja01,21,EDM,C,1,0,0,0,0,0,0.0,0,0,0,0,0,0,0,0,,7,6:58
125,Eric Chouinard\chouier01,20,MTL,C,13,1,3,4,0,0,0.3,0,1,0,0,2,1,0,11,9.1,143,10:59
126,Marc Chouinard\chouima01,23,MDA,C,44,3,4,7,-5,12,0.3,3,0,0,1,4,0,0,26,11.5,345,7:50
127,Artem Chubarov\chubaar01,21,VAN,C,1,0,0,0,-1,0,-0.1,0,0,0,0,0,0,0,0,,15,15:08
128,Enrico Ciccone\ciccoen01,30,MTL,D,3,0,0,0,-1,14,-0.1,0,0,0,0,0,0,0,0,,9,2:57
129,Ivan Ciernik\cierniv01,23,OTT,LW,4,2,0,2,2,2,0.4,2,0,0,0,0,0,0,7,28.6,31,7:41
130,Marian Cisar\cisarma01,22,NSH,RW,60,12,15,27,-7,45,2.7,7,5,0,1,12,3,0,97,12.4,790,13:10
131,Brett Clark\clarkbr01,24,ATL,D,28,1,2,3,-12,14,-0.2,1,0,0,0,2,0,0,35,2.9,505,18:02
132,Chris Clark\clarkch01,24,CGY,RW,29,5,1,6,0,38,0.6,4,1,0,0,1,0,0,43,11.6,346,11:56
133,Dale Clarke\clarkda02,22,STL,D,3,0,0,0,1,0,0.1,0,0,0,0,0,0,0,5,0.0,41,13:38
134,Greg Classen\classgr01,23,NSH,C,27,2,4,6,-4,14,0.3,1,1,0,0,3,1,0,18,11.1,277,10:16
135,Dan Cleary\clearda01,22,EDM,RW,81,14,21,35,5,37,3.3,12,2,0,2,14,7,0,107,13.1,1051,12:58
136,Ben Clymer\clymebe01,22,TBL,D,23,5,1,6,-7,21,0.9,2,3,0,0,1,0,0,25,20.0,300,13:03
137,Paul Coffey*\coffepa01,39,BOS,D,18,0,4,4,-6,30,0.3,0,0,0,0,3,1,0,28,0.0,341,18:57
138,Mike Commodore\commomi01,21,NJD,D,20,1,4,5,5,14,1.1,1,0,0,0,4,0,0,11,9.1,255,12:46
139,Mike Comrie\comrimi01,20,EDM,C,41,8,14,22,6,14,2.5,5,3,0,1,11,3,0,62,12.9,467,11:23
140,Tim Connolly\connoti01,19,NYI,C,82,10,31,41,-14,42,2.2,5,5,0,0,16,14,1,171,5.8,1642,20:02
141,Craig Conroy\conrocr01,29,TOT,C,83,14,18,32,2,60,2.9,10,0,4,2,15,3,0,133,10.5,1221,14:43
141,Craig Conroy\conrocr01,29,STL,C,69,11,14,25,2,46,2.3,8,0,3,2,13,1,0,101,10.9,967,14:01
141,Craig Conroy\conrocr01,29,CGY,C,14,3,4,7,0,14,0.6,2,0,1,0,2,2,0,32,9.4,254,18:08
142,Matt Cooke\cookema01,22,VAN,RW,81,14,13,27,5,94,2.4,12,0,2,0,13,0,0,121,11.6,1181,14:35
143,David Cooper\coopeda01,27,TOR,D,2,0,0,0,-1,0,-0.1,0,0,0,0,0,0,0,3,0.0,23,11:33
144,Rene Corbet\corbere01,27,PIT,LW,43,8,9,17,-3,57,1.4,6,2,0,1,7,1,1,85,9.4,493,11:28
145,Bob Corkum\corkubo01,33,TOT,C,75,7,7,14,-8,22,0.0,6,1,0,0,7,0,0,66,10.6,946,12:37
145,Bob Corkum\corkubo01,33,LAK,C,58,4,6,10,-12,18,-0.5,3,1,0,0,6,0,0,47,8.5,753,12:59
145,Bob Corkum\corkubo01,33,NJD,C,17,3,1,4,4,4,0.5,3,0,0,0,1,0,0,19,15.8,192,11:19
146,Daniel Corso\corsoda01,22,STL,C,28,10,3,13,0,14,1.8,5,5,0,4,2,1,0,42,23.8,390,13:56
147,Shayne Corson\corsosh01,34,TOR,C,77,8,18,26,1,189,1.4,8,0,0,2,15,3,0,102,7.8,1220,15:50
148,Patrick Cote\cotepa01,26,EDM,LW,6,0,0,0,-2,18,-0.1,0,0,0,0,0,0,0,0,,19,3:07
149,Sylvain Cote\cotesy01,35,WSH,D,68,7,11,18,-3,18,3.7,5,1,1,1,5,6,0,86,8.1,1210,17:47
150,Jeff Cowan\cowanje01,24,CGY,LW,51,9,4,13,-8,74,1.2,7,2,0,1,3,1,0,48,18.8,465,9:06
151,Cory Cross\crossco01,30,TOR,D,41,3,5,8,7,50,2.4,2,1,0,1,5,0,0,34,8.8,738,18:00
152,Mike Crowley\crowlmi01,25,MDA,D,39,1,10,11,-16,20,1.0,1,0,0,1,8,2,0,45,2.2,677,17:21
153,Greg Crozier\crozigr01,24,PIT,LW,1,0,0,0,0,0,0.0,0,0,0,0,0,0,0,0,,4,4:10
154,David Cullen\culleda01,24,PHX,D,2,0,0,0,1,0,0.1,0,0,0,0,0,0,0,0,,25,12:25
155,Matt Cullen\cullema01,24,MDA,C,82,10,30,40,-23,38,2.1,6,4,0,1,19,11,0,159,6.3,1496,18:15
156,Jassen Cullimore\cullija01,28,TBL,D,74,1,6,7,-6,80,2.0,1,0,0,0,5,1,0,56,1.8,1458,19:43
157,Jim Cummins\cummiji01,30,MDA,RW,79,5,6,11,-11,167,0.4,5,0,0,1,6,0,0,45,11.1,572,7:14
158,Jakub Cutta\cuttaja01,19,WSH,D,3,0,0,0,-1,0,0.0,0,0,0,0,0,0,0,1,0.0,35,11:33
159,Mariusz Czerkawski\czerkma01,28,NYI,RW,82,30,32,62,-24,48,6.2,19,10,1,0,20,11,1,287,10.5,1536,18:44
160,Andreas Dackell\dackean01,28,OTT,RW,81,13,18,31,7,24,2.7,12,1,0,3,17,0,1,72,18.1,1136,14:02
161,Pierre Dagenais\dagenpi01,22,NJD,RW,9,3,2,5,1,6,0.6,2,1,0,1,1,1,0,20,15.0,111,12:22
162,Kevin Dahl\dahlke01,32,CBJ,D,4,0,0,0,1,2,0.1,0,0,0,0,0,0,0,3,0.0,42,10:34
163,Ulf Dahlen\dahleul01,34,WSH,RW,73,15,33,48,11,6,5.1,9,6,0,2,27,6,0,145,10.3,1081,14:48
164,J.J. Daigneault\daignjj01,35,MIN,D,1,0,0,0,-1,2,-0.1,0,0,0,0,0,0,0,0,,12,11:38
165,Vincent Damphousse\damphvi01,33,SJS,C,45,9,37,46,17,62,4.8,5,4,0,3,22,13,2,101,8.9,937,20:49
166,Mathieu Dandenault\dandema01,24,DET,D,73,10,15,25,11,38,5.8,8,2,0,2,13,2,0,95,10.5,1175,16:06
167,Ken Daneyko\daneyke01,36,NJD,D,77,0,4,4,8,87,1.6,0,0,0,0,4,0,0,50,0.0,1330,17:17
168,Jeff Daniels\danieje01,32,CAR,RW,67,1,1,2,-3,15,-0.5,1,0,0,0,1,0,0,42,2.4,502,7:30
169,Mike Danton\dantomi01,20,NJD,C,2,0,0,0,0,6,0.0,0,0,0,0,0,0,0,3,0.0,16,7:52
170,Craig Darby\darbycr01,28,MTL,C,78,12,16,28,-17,16,1.6,11,0,1,0,13,3,0,97,12.4,1239,15:53
171,Mathieu Darche\darchma01,24,CBJ,LW,9,0,0,0,-4,0,-0.3,0,0,0,0,0,0,0,9,0.0,91,10:07
172,Matt Davidson\davidma01,23,CBJ,RW,5,0,0,0,2,0,0.0,0,0,0,0,0,0,0,2,0.0,36,7:14
173,Eric Daze\dazeer01,25,CHI,LW,79,33,24,57,1,16,7.2,23,9,1,8,18,3,3,205,16.1,1402,17:45
174,Greg de Vries\devrigr01,28,COL,D,79,5,12,17,23,51,5.0,5,0,0,0,11,0,1,76,6.6,1351,17:06
175,Adam Deadmarsh\deadmad01,25,TOT,RW,57,17,15,32,1,63,3.2,10,7,0,2,8,7,0,126,13.5,1026,18:00
175,Adam Deadmarsh\deadmad01,25,COL,RW,39,13,13,26,-2,59,2.7,6,7,0,2,7,6,0,86,15.1,687,17:38
175,Adam Deadmarsh\deadmad01,25,LAK,RW,18,4,2,6,3,4,0.5,4,0,0,0,1,1,0,40,10.0,338,18:47
176,Kevin Dean\deanke01,31,CHI,D,69,0,11,11,-16,30,1.3,0,0,0,0,9,0,2,75,0.0,1342,19:27
177,Louie DeBrusk\debrulo01,29,PHX,RW,39,0,0,0,-5,79,-0.5,0,0,0,0,0,0,0,12,0.0,188,4:49
178,Xavier Delisle\delisxa01,23,MTL,C,14,3,2,5,-5,6,0.4,2,1,0,0,0,2,0,15,20.0,143,10:14
179,Andy Delmore\delmoan01,24,PHI,D,66,5,9,14,2,16,3.2,3,2,0,0,6,2,1,119,4.2,1164,17:39
180,Pavol Demitra\demitpa01,26,STL,RW,44,20,25,45,27,16,6.5,15,5,0,5,19,6,0,124,16.1,794,18:03
181,Nathan Dempsey\dempsna01,26,TOR,D,25,1,9,10,13,4,2.5,0,1,0,0,6,3,0,31,3.2,397,15:53
182,Matthieu Descoteaux\descoma01,23,MTL,D,5,1,1,2,-2,4,0.3,0,1,0,0,0,1,0,6,16.7,76,15:10
183,Eric Desjardins\desjaer01,31,PHI,D,79,15,33,48,-3,50,8.2,8,6,1,4,19,13,1,187,8.0,2089,26:27
184,Boyd Devereaux\deverbo01,22,DET,LW,55,5,6,11,1,14,0.8,5,0,0,0,6,0,0,66,7.6,557,10:08
185,Gerald Diduck\diducge01,35,DAL,D,14,0,0,0,4,18,0.5,0,0,0,0,0,0,0,8,0.0,150,10:44
186,Rob DiMaio\dimairo01,32,CAR,RW,74,6,18,24,-14,54,1.0,4,0,2,1,16,2,0,99,6.1,1108,14:58
187,Kevin Dineen\dineeke01,37,CBJ,RW,66,8,7,15,2,126,1.4,8,0,0,3,7,0,0,74,10.8,701,10:37
188,Chris Dingman\dingmch01,24,COL,LW,41,1,1,2,-3,108,-0.3,1,0,0,0,1,0,0,33,3.0,264,6:26
189,Tomas Divisek\divisto01,21,PHI,LW,2,0,0,0,-1,0,-0.1,0,0,0,0,0,0,0,2,0.0,23,11:30
190,Shane Doan\doansh01,24,PHX,RW,76,26,37,63,0,89,6.6,19,6,1,6,20,17,0,220,11.8,1485,19:32
191,Jason Doig\doigja01,24,NYR,D,3,0,0,0,0,0,0.0,0,0,0,0,0,0,0,1,0.0,20,6:35
192,Bobby Dollas\dollabo01,36,TOT,D,21,1,1,2,4,18,0.8,1,0,0,0,1,0,0,11,9.1,270,12:53
192,Bobby Dollas\dollabo01,36,SJS,D,16,1,1,2,4,14,0.8,1,0,0,0,1,0,0,5,20.0,180,11:15
192,Bobby Dollas\dollabo01,36,PIT,D,5,0,0,0,0,4,0.0,0,0,0,0,0,0,0,6,0.0,91,18:06
193,Hnat Domenichelli\domenhn01,24,ATL,LW,63,15,12,27,-9,18,2.3,11,4,0,1,11,1,0,150,10.0,904,14:21
194,Tie Domi\domiti01,31,TOR,RW,82,13,7,20,2,214,2.2,12,1,0,1,7,0,0,60,21.7,687,8:23
195,Ted Donato\donatte01,31,DAL,LW,65,8,17,25,6,26,2.6,7,1,0,3,17,0,0,71,11.3,664,10:13
196,Shean Donovan\donovsh01,26,ATL,RW,63,12,11,23,-14,47,1.4,8,1,3,1,10,1,0,93,12.9,886,14:03
197,Jim Dowd\dowdji01,32,MIN,C,68,7,22,29,-6,80,1.8,7,0,0,0,14,7,1,92,7.6,1213,17:50
198,Aaron Downey\downeaa01,26,CHI,RW,3,0,0,0,-1,6,-0.1,0,0,0,0,0,0,0,2,0.0,17,5:30
199,Dallas Drake\drakeda01,31,STL,LW,82,12,29,41,18,71,4.3,10,2,0,3,20,9,0,142,8.5,1208,14:44
200,Kris Draper\drapekr01,29,DET,C,75,8,17,25,17,38,2.4,7,0,1,1,15,0,2,123,6.5,1008,13:26
201,Harold Druken\drukeha01,22,VAN,C,55,15,15,30,2,14,3.6,9,6,0,3,12,3,0,82,18.3,660,11:59
202,Stan Drulia\drulist01,33,TBL,RW,34,2,4,6,-11,18,-0.2,1,1,0,0,3,1,0,20,10.0,363,10:41
203,Chris Drury\drurych01,24,COL,LW,71,24,41,65,6,47,7.0,13,11,0,5,22,19,0,204,11.8,1281,18:03
204,Ted Drury\druryte01,29,CBJ,C,1,0,0,0,-3,0,-0.1,0,0,0,0,0,0,0,3,0.0,15,14:44
205,Steve Dubinsky\dubinst01,30,CHI,C,60,6,4,10,-4,33,0.5,5,0,1,0,4,0,0,70,8.6,660,11:00
206,Steve Duchesne\duchest01,35,DET,D,54,6,19,25,9,48,5.0,4,2,0,0,9,10,0,76,7.9,990,18:20
207,J.P. Dumont\dumonjp01,22,BUF,LW,79,23,28,51,1,54,5.8,14,9,0,5,23,5,0,156,14.7,1186,15:01
208,Pascal Dupuis\dupuipa01,21,MIN,LW,4,1,0,1,0,4,0.1,0,1,0,0,0,0,0,8,12.5,62,15:36
209,Radek Dvorak\dvorara01,23,NYR,RW,82,31,36,67,9,20,7.3,24,5,2,3,26,8,2,230,13.5,1564,19:04
210,Gordie Dwyer\dwyergo01,23,TBL,LW,28,0,1,1,-7,96,-0.4,0,0,0,0,1,0,0,12,0.0,162,5:47
211,Karl Dykhuis\dykhuka01,28,MTL,D,67,8,9,17,9,44,4.9,6,2,0,1,7,1,1,66,12.1,1049,15:40
212,Dallas Eakins\eakinda01,33,CGY,D,17,0,1,1,-1,11,0.3,0,0,0,0,1,0,0,4,0.0,209,12:18
213,Mike Eastwood\eastwmi01,33,STL,C,77,6,17,23,4,28,1.4,4,0,2,1,11,1,5,51,11.8,1089,14:08
214,Mark Eaton\eatonma01,23,NSH,D,34,3,8,11,7,14,3.0,2,1,0,1,5,3,0,32,9.4,585,17:13
215,Nils Ekman\ekmanni01,24,TBL,LW,43,9,11,20,-15,40,1.3,6,2,1,1,7,4,0,72,12.5,678,15:45
216,Patrik Elias\eliaspa01,24,NJD,LW,82,40,56,96,45,51,12.5,29,8,3,6,35,21,0,220,18.2,1535,18:44
217,Matt Elich\elichma01,21,TBL,RW,8,0,0,0,-5,0,-0.3,0,0,0,0,0,0,0,7,0.0,72,8:59
218,Mikko Eloranta\elorami01,28,BOS,LW,62,12,11,23,2,38,2.6,10,1,1,2,8,3,0,89,13.5,647,10:26
219,Nelson Emerson\emersne01,33,LAK,RW,78,11,11,22,-13,54,0.8,11,0,0,1,8,2,1,157,7.0,1080,13:51
220,David Emma\emmada01,32,FLA,RW,6,0,0,0,-1,0,-0.1,0,0,0,0,0,0,0,6,0.0,44,7:23
221,John Emmons\emmonjo01,26,TOT,C,53,2,2,4,-5,42,-0.4,2,0,0,0,2,0,0,37,5.4,476,8:59
221,John Emmons\emmonjo01,26,OTT,C,41,1,1,2,-5,20,-0.5,1,0,0,0,1,0,0,28,3.6,318,7:46
221,John Emmons\emmonjo01,26,TBL,C,12,1,1,2,0,22,0.1,1,0,0,0,1,0,0,9,11.1,157,13:07
222,Anders Eriksson\eriksan01,26,TOT,D,73,2,24,26,-2,30,4.5,1,1,0,0,11,13,0,99,2.0,1540,21:05
222,Anders Eriksson\eriksan01,26,FLA,D,60,0,21,21,2,28,3.8,0,0,0,0,11,10,0,80,0.0,1262,21:02
222,Anders Eriksson\eriksan01,26,CHI,D,13,2,3,5,-4,2,0.7,1,1,0,0,0,3,0,19,10.5,277,21:20
223,Jeff Farkas\farkaje01,23,TOR,C,2,0,0,0,-1,2,-0.1,0,0,0,0,0,0,0,1,0.0,28,14:10
224,Rico Fata\fatari01,20,CGY,RW,5,0,0,0,-3,6,-0.2,0,0,0,0,0,0,0,6,0.0,47,9:25
225,Sergei Fedorov*\fedorse01,31,DET,C,75,32,37,69,12,40,8.2,16,14,2,7,13,23,1,268,11.9,1581,21:05
226,Todd Fedoruk\fedorto01,21,PHI,RW,53,5,5,10,0,109,0.9,5,0,0,0,5,0,0,28,17.9,373,7:02
227,Ruslan Fedotenko\fedotru01,22,PHI,LW,74,16,20,36,8,72,3.8,13,3,0,4,18,2,0,119,13.4,1082,14:38
228,Andrew Ference\ferenan01,21,PIT,D,36,4,11,15,6,28,2.4,3,1,0,1,8,2,1,47,8.5,679,18:51
229,Brad Ference\ferenbr01,21,FLA,D,14,0,1,1,-10,14,-0.5,0,0,0,0,1,0,0,5,0.0,183,13:03
230,Scott Ferguson\fergusc01,28,EDM,D,20,0,1,1,2,13,0.4,0,0,0,0,1,0,0,8,0.0,218,10:55
231,Ray Ferraro\ferrara01,36,ATL,C,81,29,47,76,-11,91,7.7,18,11,0,2,30,17,0,172,16.9,1483,18:19
232,Jeff Finley\finleje01,33,STL,D,72,2,8,10,7,38,3.3,2,0,0,0,6,1,1,35,5.7,1359,18:53
233,Jiri Fischer\fischji01,20,DET,D,55,1,8,9,3,59,2.3,1,0,0,0,8,0,0,64,1.6,922,16:46
234,Mike Fisher\fishemi01,20,OTT,C,60,7,12,19,-1,46,1.3,7,0,0,3,10,0,2,83,8.4,698,11:38
235,Tom Fitzgerald\fitzgto01,32,NSH,LW,82,9,9,18,-5,71,0.9,7,0,2,2,7,0,2,135,6.7,1227,14:58
236,Rory Fitzpatrick\fitzpro02,26,NSH,D,2,0,0,0,-2,2,-0.1,0,0,0,0,0,0,0,0,,20,9:47
237,Theoren Fleury\fleurth01,32,NYR,RW,62,30,44,74,0,122,8.0,15,8,7,3,19,23,2,238,12.6,1351,21:47
238,Adam Foote\footead01,29,COL,D,35,3,12,15,6,42,2.9,1,1,1,1,7,5,0,59,5.1,888,25:22
239,Colin Forbes\forbeco01,24,TOT,LW,58,1,5,6,-6,46,-0.3,1,0,0,0,5,0,0,46,2.2,390,6:43
239,Colin Forbes\forbeco01,24,OTT,LW,39,0,1,1,-3,31,-0.5,0,0,0,0,1,0,0,26,0.0,241,6:10
239,Colin Forbes\forbeco01,24,NYR,LW,19,1,4,5,-3,15,0.2,1,0,0,0,4,0,0,20,5.0,149,7:52
240,Peter Forsberg*\forsbpe01,27,COL,C,73,27,62,89,23,54,10.0,13,12,2,5,34,24,4,178,15.2,1518,20:48
241,Ron Francis*\francro01,37,CAR,C,82,15,50,65,-15,32,5.3,8,7,0,4,24,26,0,130,11.5,1661,20:15
242,Kyle Freadrich\freadky01,22,TBL,LW,13,0,1,1,-1,36,0.0,0,0,0,0,1,0,0,3,0.0,46,3:32
243,Jeff Friesen\friesje01,24,TOT,LW,79,14,34,48,5,66,4.1,10,4,0,1,21,11,2,149,9.4,1528,19:21
243,Jeff Friesen\friesje01,24,SJS,LW,64,12,24,36,7,56,3.2,10,2,0,1,15,8,1,120,10.0,1206,18:51
243,Jeff Friesen\friesje01,24,MDA,LW,15,2,10,12,-2,10,0.9,0,2,0,0,6,3,1,29,6.9,322,21:28
244,Marian Gaborik\gaborma01,18,MIN,LW,71,18,18,36,-6,32,3.8,12,6,0,3,12,6,0,179,10.1,1096,15:26
245,Simon Gagne\gagnesi01,20,PHI,LW,69,27,32,59,24,18,7.7,21,6,0,7,21,11,0,191,14.1,1247,18:05
246,Sean Gagnon\gagnose01,27,OTT,D,5,0,0,0,0,13,0.0,0,0,0,0,0,0,0,0,,54,10:45
247,Steve Gainey\gainest01,22,DAL,LW,1,0,0,0,0,0,0.0,0,0,0,0,0,0,0,0,,2,2:21
248,Maxim Galanov\galanma01,26,TBL,D,25,0,5,5,-5,8,0.6,0,0,0,0,3,2,0,10,0.0,405,16:12
249,Garry Galley\gallega01,37,NYI,D,56,6,14,20,-4,59,3.8,2,4,0,0,6,8,0,94,6.4,1167,20:50
250,Bruce Gardiner\gardibr01,28,CBJ,LW,73,7,15,22,-1,78,1.4,7,0,0,1,15,0,0,60,11.7,1066,14:36
251,Mike Gaul\gaulmi01,27,CBJ,D,2,0,0,0,0,4,0.0,0,0,0,0,0,0,0,3,0.0,27,13:17
252,Denis Gauthier\gauthde01,24,CGY,D,62,2,6,8,3,78,2.7,2,0,0,0,6,0,0,33,6.1,1030,16:37
253,Aaron Gavey\gaveyaa01,26,MIN,C,75,10,14,24,-8,52,1.8,9,1,0,2,10,4,0,100,10.0,1050,14:00
254,Martin Gelinas\gelinma01,30,CAR,LW,79,23,29,52,-4,59,5.6,16,6,1,4,22,6,1,170,13.5,1414,17:54
255,Brent Gilchrist\gilchbr01,33,DET,C,60,1,8,9,-8,41,-0.4,1,0,0,0,8,0,0,75,1.3,701,11:41
256,Hal Gill\gillha01,25,BOS,D,80,1,10,11,-2,71,2.6,1,0,0,0,9,1,0,79,1.3,1467,18:21
257,Todd Gill\gillto01,35,DET,D,68,3,8,11,17,53,4.2,2,0,1,0,5,3,0,66,4.5,1265,18:36
258,Doug Gilmour*\gilmodo01,37,BUF,LW,71,7,31,38,3,70,2.8,3,4,0,0,20,11,0,91,7.7,1281,18:02
259,Jonathan Girard\girarjo01,20,BOS,D,31,3,13,16,2,14,2.6,1,2,0,1,8,5,0,42,7.1,513,16:32
260,Sascha Goc\gocsa01,21,NJD,D,11,0,0,0,7,4,0.6,0,0,0,0,0,0,0,7,0.0,150,13:37
261,Yan Golubovsky\golubya01,24,FLA,D,6,0,2,2,3,2,0.6,0,0,0,0,2,0,0,4,0.0,100,16:38
262,Scott Gomez\gomezsc01,21,NJD,C,76,14,49,63,-1,46,5.4,12,2,0,4,34,15,0,155,9.0,1198,15:46
263,Sergei Gonchar\gonchse01,26,WSH,D,76,19,38,57,12,70,10.6,11,8,0,2,12,26,0,241,7.9,1705,22:26
264,Lee Goren\gorenle01,23,BOS,RW,21,2,0,2,-3,7,0.1,1,1,0,0,0,0,0,9,22.2,92,4:24
265,Tony Granato\granato01,36,SJS,RW,60,4,5,9,-1,65,0.5,3,1,0,1,4,1,0,85,4.7,505,8:25
266,Jean-Luc Grand-Pierre\grandje01,23,CBJ,D,64,1,4,5,-6,73,1.2,1,0,0,0,4,0,0,33,3.0,822,12:51
267,Benoit Gratton\grattbe01,24,CGY,LW,14,1,3,4,0,14,0.3,1,0,0,0,3,0,0,13,7.7,129,9:11
268,Chris Gratton\grattch01,25,BUF,C,82,19,21,40,0,102,4.2,14,5,0,5,12,9,0,156,12.2,1199,14:37
269,Adam Graves\gravead01,32,NYR,LW,82,10,16,26,-16,77,0.5,9,1,0,1,10,6,0,136,7.4,1290,15:44
270,Travis Green\greentr01,30,PHX,C,69,13,15,28,-11,63,1.9,10,3,0,0,12,3,0,113,11.5,1110,16:05
271,Mark Greig\greigma01,31,PHI,RW,7,1,1,2,-2,4,0.1,1,0,0,0,1,0,0,7,14.3,101,14:23
272,Mike Grier\griermi01,26,EDM,RW,74,20,16,36,11,20,3.9,15,2,3,2,13,0,3,124,16.1,1239,16:44
273,Stu Grimson\grimsst01,35,LAK,LW,72,3,2,5,-2,235,-0.1,3,0,0,1,2,0,0,26,11.5,432,6:00
274,Stanislav Gron\gronst01,22,NJD,RW,1,0,0,0,1,0,0.0,0,0,0,0,0,0,0,2,0.0,10,9:55
275,Michal Grosek\grosemi01,25,NYR,RW,65,9,11,20,-10,61,1.1,7,2,0,0,9,2,0,84,10.7,721,11:05
276,Bill Guerin\gueribi01,30,TOT,RW,85,40,45,85,7,140,9.9,28,11,1,5,28,17,0,289,13.8,1870,22:00
276,Bill Guerin\gueribi01,30,BOS,RW,64,28,35,63,-4,122,6.7,20,7,1,4,20,15,0,225,12.4,1454,22:43
276,Bill Guerin\gueribi01,30,EDM,RW,21,12,10,22,11,18,3.2,8,4,0,1,8,2,0,64,18.8,416,19:49
277,Steve Guolla\guollst01,27,ATL,LW,63,12,16,28,-6,23,2.2,10,2,0,3,11,2,3,96,12.5,925,14:41
278,Alexei Gusarov\gusaral01,36,TOT,D,51,1,8,9,-3,18,1.4,1,0,0,0,6,2,0,35,2.9,982,19:15
278,Alexei Gusarov\gusaral01,36,NYR,D,26,1,3,4,-2,6,0.5,1,0,0,0,2,1,0,21,4.8,508,19:33
278,Alexei Gusarov\gusaral01,36,STL,D,16,0,4,4,-3,6,0.6,0,0,0,0,3,1,0,10,0.0,339,21:11
278,Alexei Gusarov\gusaral01,36,COL,D,9,0,1,1,2,6,0.4,0,0,0,0,1,0,0,4,0.0,135,14:59
279,Sergey Gusev\gusevse01,25,TBL,D,16,1,0,1,-3,10,0.2,1,0,0,0,0,0,0,13,7.7,214,13:23
280,Sean Haggerty\haggese01,24,NSH,LW,3,0,1,1,1,0,0.1,0,0,0,0,1,0,0,2,0.0,26,8:35
281,Chris Hajt\hajtch01,22,EDM,D,1,0,0,0,-1,0,-0.1,0,0,0,0,0,0,0,0,,8,7:38
282,Steven Halko\halkost01,26,CAR,D,48,0,1,1,-10,6,0.4,0,0,0,0,1,0,0,24,0.0,645,13:27
283,Kevin Haller\halleke01,30,NYI,D,30,1,5,6,5,56,1.8,1,0,0,0,4,1,0,19,5.3,574,19:07
284,Jeff Halpern\halpeje01,24,WSH,C,80,21,21,42,13,60,4.8,18,2,1,5,15,6,0,110,19.1,1291,16:08
285,Denis Hamel\hamelde01,23,BUF,C,41,8,3,11,-2,22,1.2,6,1,1,3,3,0,0,55,14.5,450,10:58
286,Roman Hamrlik\hamrlro01,26,NYI,D,76,16,30,46,-20,92,7.2,10,5,1,4,15,13,2,232,6.9,1916,25:12
287,Michal Handzus\handzmi01,23,TOT,C,46,14,18,32,16,33,4.1,8,3,3,2,11,6,1,72,19.4,802,17:26
287,Michal Handzus\handzmi01,23,STL,C,36,10,14,24,11,12,2.9,5,3,2,2,9,4,1,58,17.2,648,18:00
287,Michal Handzus\handzmi01,23,PHX,C,10,4,4,8,5,21,1.2,3,0,1,0,2,2,0,14,28.6,154,15:26
288,Casey Hankinson\hankica01,24,CHI,LW,11,0,1,1,-3,9,-0.2,0,0,0,0,1,0,0,15,0.0,107,9:46
289,Scott Hannan\hannasc01,22,SJS,D,75,3,14,17,10,51,4.5,3,0,0,1,11,2,1,96,3.1,1427,19:02
290,Tavis Hansen\hanseta01,25,PHX,RW,7,0,0,0,-1,4,-0.1,0,0,0,0,0,0,0,2,0.0,36,5:05
291,David Harlock\harloda01,29,ATL,D,65,0,1,1,-28,62,-1.4,0,0,0,0,1,0,0,26,0.0,1109,17:04
292,Scott Hartnell\hartnsc01,18,NSH,RW,75,2,14,16,-8,48,0.4,2,0,0,0,14,0,0,92,2.2,818,10:54
293,Todd Harvey\harveto01,25,SJS,RW,69,10,11,21,6,72,2.2,9,1,0,2,10,1,0,66,15.2,765,11:05
294,Derian Hatcher\hatchde01,28,DAL,D,80,2,21,23,5,77,5.6,1,1,0,2,13,7,1,97,2.1,2070,25:53
295,Kevin Hatcher\hatchke01,34,CAR,D,57,4,14,18,2,38,4.7,1,3,0,1,4,10,0,98,4.1,1333,23:23
296,Niclas Havelid\havelni01,27,MDA,D,47,4,10,14,-6,34,2.9,2,2,0,1,5,5,0,69,5.8,1027,21:51
297,Martin Havlat\havlama01,19,OTT,RW,73,19,23,42,8,20,4.7,12,7,0,5,16,5,2,133,14.3,1006,13:47
298,Greg Hawgood\hawgogr01,32,VAN,D,16,2,5,7,8,6,1.7,1,1,0,1,2,3,0,16,12.5,239,14:55
299,Dwayne Hay\haydw01,23,CGY,RW,49,1,3,4,-4,16,-0.3,1,0,0,0,3,0,0,39,2.6,412,8:24
300,Jochen Hecht\hechtjo01,23,STL,LW,72,19,25,44,11,48,4.9,8,8,3,1,18,7,0,208,9.1,1291,17:56
301,Bret Hedican\hedicbr01,30,FLA,D,70,5,15,20,-7,72,3.8,1,4,0,1,11,2,2,104,4.8,1527,21:49
302,Shawn Heins\heinssh01,27,SJS,D,38,3,4,7,2,57,1.6,1,2,0,0,1,3,0,45,6.7,389,10:15
303,Steve Heinze\heinzst01,31,TOT,RW,79,27,27,54,-13,46,5.8,12,15,0,4,19,8,0,144,18.8,1439,18:13
303,Steve Heinze\heinzst01,31,CBJ,RW,65,22,20,42,-19,38,4.2,8,14,0,3,15,5,0,125,17.6,1223,18:49
303,Steve Heinze\heinzst01,31,BUF,RW,14,5,7,12,6,8,1.6,4,1,0,1,4,3,0,19,26.3,215,15:24
304,Milan Hejduk\hejdumi01,24,COL,RW,80,41,38,79,32,36,10.6,28,12,1,9,21,15,2,213,19.2,1589,19:52
305,Sami Helenius\helensa01,27,DAL,D,57,1,2,3,1,99,1.3,1,0,0,0,2,0,0,18,5.6,607,10:39
306,Bryan Helmer\helmebr01,28,VAN,D,20,2,4,6,0,18,1.1,2,0,0,0,1,3,0,28,7.1,337,16:51
307,Jay Henderson\hendeja01,22,BOS,LW,13,0,0,0,-1,26,-0.2,0,0,0,0,0,0,0,12,0.0,90,6:58
308,Darby Hendrickson\hendrda01,28,MIN,LW,72,18,11,29,1,36,3.3,14,3,1,1,7,2,2,114,15.8,1140,15:50
309,Chris Herperger\herpech01,26,CHI,LW,61,10,15,25,0,20,2.4,9,0,1,3,12,1,2,76,13.2,800,13:07
310,Matt Herr\herrma01,24,WSH,C,22,2,3,5,3,17,0.5,2,0,0,1,3,0,0,20,10.0,179,8:09
311,Jamie Heward\hewarja01,29,CBJ,D,69,11,16,27,3,33,5.5,2,9,0,1,7,9,0,108,10.2,991,14:21
312,Matt Higgins\higgima01,23,MTL,C,6,0,0,0,-2,2,-0.2,0,0,0,0,0,0,0,3,0.0,57,9:27
313,Sean Hill\hillse01,30,STL,D,48,1,10,11,5,51,2.6,1,0,0,0,8,2,0,47,2.1,835,17:23
314,Dan Hinote\hinotda01,24,COL,C,76,5,10,15,1,51,0.7,4,1,0,1,8,2,0,69,7.2,787,10:21
315,Jan Hlavac\hlavaja01,24,NYR,LW,79,28,36,64,3,20,6.9,23,5,0,6,24,12,0,195,14.4,1314,16:38
316,Shane Hnidy\hnidysh01,25,OTT,D,52,3,2,5,8,84,1.9,3,0,0,1,2,0,0,47,6.4,681,13:05
317,Jonas Hoglund\hoglujo01,28,TOR,LW,82,23,26,49,1,14,5.2,18,5,0,5,18,8,0,196,11.7,1241,15:08
318,Benoit Hogue\hoguebe01,34,DAL,LW,34,3,7,10,-1,26,0.6,3,0,0,0,6,1,0,35,8.6,424,12:28
319,Josh Holden\holdejo01,23,VAN,C,10,1,0,1,0,0,0.0,1,0,0,0,0,0,0,12,8.3,94,9:27
320,Bobby Holik\holikbo01,30,NJD,C,80,15,35,50,19,97,4.8,12,3,0,3,22,13,0,206,7.3,1266,15:49
321,Tomas Holmstrom\holmsto01,28,DET,LW,73,16,24,40,-12,40,3.9,7,9,0,2,14,10,0,74,21.6,852,11:41
322,Brian Holzinger\holzibr01,28,TBL,RW,70,11,25,36,-9,64,2.7,8,3,0,2,19,6,0,87,12.6,1123,16:03
323,Shawn Horcoff\horcosh01,22,EDM,RW,49,9,7,16,8,10,2.1,9,0,0,2,7,0,0,42,21.4,452,9:14
324,Darcy Hordichuk\hordida01,20,ATL,LW,11,0,0,0,-3,38,-0.3,0,0,0,0,0,0,0,6,0.0,80,7:18
325,Marian Hossa\hossama01,22,OTT,RW,81,32,43,75,19,44,9.0,19,11,2,7,29,12,2,249,12.9,1460,18:01
326,Bill Houlder\houldbi01,33,NSH,D,81,4,12,16,-7,40,4.4,3,0,1,1,9,1,2,78,5.1,1717,21:12
327,Phil Housley*\houslph01,36,CGY,D,69,4,30,34,-15,24,4.4,4,0,0,0,15,15,0,115,3.5,1253,18:10
328,Jan Hrdina\hrdinja01,24,PIT,C,78,15,28,43,19,48,3.9,12,3,0,1,22,5,1,89,16.9,1242,15:56
329,Tony Hrkac\hrkacto01,34,MDA,C,80,13,25,38,0,29,3.6,13,0,0,1,15,10,0,88,14.8,1102,13:46
330,Petr Hubacek\hubacpe01,21,PHI,C,6,1,0,1,-1,2,0.0,1,0,0,0,0,0,0,5,20.0,68,11:20
331,Joe Hulbig\hulbijo01,27,BOS,RW,7,0,0,0,-3,4,-0.2,0,0,0,0,0,0,0,0,,38,5:28
332,Brett Hull*\hullbr01,36,DAL,RW,79,39,40,79,10,18,10.3,28,11,0,8,18,22,0,219,17.8,1413,17:53
333,Jody Hull\hulljo01,31,PHI,RW,71,7,8,15,-1,10,0.6,5,0,2,2,8,0,0,78,9.0,938,13:13
334,Cale Hulse\hulseca01,27,NSH,D,82,1,7,8,-5,128,3.3,1,0,0,1,7,0,0,93,1.1,1647,20:05
335,Jarome Iginla\iginlja01,23,CGY,RW,77,31,40,71,-2,62,7.9,21,10,0,4,21,18,1,229,13.5,1537,19:58
336,Brad Isbister\isbisbr01,23,NYI,LW,51,18,14,32,-19,59,2.9,10,7,1,4,10,4,0,129,14.0,991,19:26
337,Ric Jackman\jackmri01,22,DAL,D,16,0,0,0,-6,18,-0.3,0,0,0,0,0,0,0,10,0.0,142,8:51
338,Jaromir Jagr\jagrja01,28,PIT,RW,81,52,69,121,19,42,14.1,37,14,1,10,41,27,1,317,16.4,1888,23:19
339,John Jakopin\jakopjo01,25,FLA,D,60,1,2,3,-4,62,1.0,1,0,0,0,2,0,0,23,4.3,774,12:54
340,Mark Janssens\janssma01,32,CHI,C,28,0,0,0,-8,33,-0.8,0,0,0,0,0,0,0,15,0.0,293,10:27
341,Calle Johansson\johanca01,33,WSH,D,76,7,29,36,11,26,7.3,2,5,0,0,19,10,0,154,4.5,1804,23:44
342,Craig Johnson\johnscr01,28,LAK,RW,26,4,5,9,0,16,0.8,4,0,0,0,5,0,0,36,11.1,277,10:40
343,Greg Johnson\johnsgr02,29,NSH,C,82,15,17,32,-6,46,2.6,14,1,0,4,16,0,1,97,15.5,1461,17:49
344,Matt Johnson\johnsma03,25,MIN,LW,50,1,1,2,-6,137,-0.5,1,0,0,0,1,0,0,21,4.8,385,7:43
345,Mike Johnson\johnsmi01,26,TOT,RW,76,13,30,43,-10,42,3.2,8,4,1,0,18,10,2,124,10.5,1313,17:16
345,Mike Johnson\johnsmi01,26,TBL,RW,64,11,27,38,-10,38,2.8,7,3,1,0,16,10,1,107,10.3,1166,18:13
345,Mike Johnson\johnsmi01,26,PHX,RW,12,2,3,5,0,4,0.5,1,1,0,0,2,0,1,17,11.8,146,12:12
346,Ryan Johnson\johnsry01,24,TBL,C,80,7,14,21,-20,44,0.0,6,1,0,0,14,0,0,71,9.9,1262,15:47
347,Kim Johnsson\johnski01,24,NYR,D,75,5,21,26,-3,40,3.3,1,4,0,0,17,3,1,104,4.8,1595,21:16
348,Olli Jokinen\jokinol01,22,FLA,C,78,6,10,16,-22,106,-0.3,6,0,0,0,9,0,1,121,5.0,1044,13:23
349,Keith Jones\joneske01,32,PHI,RW,8,0,0,0,-5,4,-0.4,0,0,0,0,0,0,0,11,0.0,88,11:00
350,Hans Jonsson\jonssha01,27,PIT,D,58,4,18,22,11,22,3.5,2,2,0,0,18,0,0,44,9.1,1070,18:27
351,Kenny Jonsson\jonsske01,26,NYI,D,65,8,21,29,-22,30,4.0,3,5,0,0,7,13,1,91,8.8,1564,24:04
352,Chris Joseph\josepch01,31,TOT,D,43,1,4,5,-11,36,0.4,0,0,1,0,3,1,0,58,1.7,707,16:26
352,Chris Joseph\josepch01,31,PHX,D,24,1,1,2,-4,16,0.3,0,0,1,0,1,0,0,33,3.0,311,12:59
352,Chris Joseph\josepch01,31,ATL,D,19,0,3,3,-7,20,0.0,0,0,0,0,2,1,0,25,0.0,395,20:48
353,Ed Jovanovski\jovaned01,24,VAN,D,79,12,35,47,-1,102,7.6,8,4,0,2,15,19,1,193,6.2,1971,24:57
354,Joe Juneau\juneajo01,33,PHX,LW,69,10,23,33,-2,28,2.3,5,5,0,3,13,10,0,100,10.0,1202,17:25
355,Frantisek Kaberle\kaberfr01,27,ATL,D,51,4,11,15,11,18,3.6,3,1,0,1,6,4,1,99,4.0,1136,22:17
356,Tomas Kaberle\kaberto01,22,TOR,D,82,6,39,45,10,24,7.9,6,0,0,1,21,17,1,96,6.3,1860,22:41
357,Dmitri Kalinin\kalindm01,20,BUF,D,79,4,18,22,-2,38,4.9,2,2,0,0,12,6,0,88,4.5,1566,19:50
358,Tomi Kallio\kallito01,24,ATL,LW,56,14,13,27,-3,22,2.4,12,2,0,2,11,2,0,115,12.2,912,16:17
359,Valeri Kamensky\kamenva01,34,NYR,LW,65,14,20,34,-18,36,2.2,8,6,0,1,15,5,0,129,10.9,995,15:19
360,Sami Kapanen\kapansa01,27,CAR,LW,82,20,37,57,-12,24,5.3,13,7,0,4,17,19,1,223,9.0,1552,18:56
361,Jere Karalahti\karalje01,25,LAK,D,56,2,7,9,8,38,2.4,2,0,0,0,5,0,2,26,7.7,956,17:04
362,Paul Kariya*\kariypa01,26,MDA,LW,66,33,34,67,-9,20,7.7,12,18,3,3,18,16,0,230,14.3,1520,23:02
363,Steve Kariya\kariyst01,23,VAN,LW,17,1,6,7,-1,8,0.4,0,1,0,0,5,1,0,22,4.5,199,11:42
364,Andreas Karlsson\karlsan01,25,ATL,C,60,5,11,16,-2,16,0.7,4,0,1,0,9,1,1,83,6.0,774,12:54
365,Dave Karpa\karpada01,29,CAR,D,80,4,6,10,-19,159,2.7,2,2,0,0,5,1,0,69,5.8,1601,20:01
366,Alexander Karpovtsev\karpoal01,30,CHI,D,53,2,13,15,-4,39,2.6,1,1,0,0,9,4,0,52,3.8,1085,20:28
367,Darius Kasparaitis\kaspada01,28,PIT,D,77,3,16,19,11,111,3.1,2,1,0,0,15,0,1,81,3.7,1481,19:14
368,Mike Keane\keanemi01,33,DAL,RW,67,10,14,24,4,35,2.0,9,1,0,1,13,0,1,64,15.6,1036,15:28
369,Sheldon Keefe\keefesh01,20,TBL,RW,49,4,0,4,-13,38,-0.3,4,0,0,0,0,0,0,32,12.5,392,8:00
370,Steve Kelly\kellyst01,24,TOT,C,35,3,2,5,0,25,0.2,3,0,0,0,2,0,0,22,13.6,313,8:57
370,Steve Kelly\kellyst01,24,NJD,C,24,2,2,4,0,21,0.1,2,0,0,0,2,0,0,18,11.1,239,9:58
370,Steve Kelly\kellyst01,24,LAK,C,11,1,0,1,0,4,0.1,1,0,0,0,0,0,0,4,25.0,74,6:44
371,Alexander Kharitonov\kharial01,24,TBL,RW,66,7,15,22,-9,8,1.4,7,0,0,0,10,5,0,103,6.8,770,11:40
372,Alexander Khavanov\khavaal01,29,STL,D,74,7,16,23,16,52,6.1,5,2,0,0,11,5,0,92,7.6,1547,20:54
373,Dmitri Khristich\khrisdm01,31,TOT,RW,70,13,25,38,0,16,3.4,7,6,0,4,12,13,0,77,16.9,1046,14:56
373,Dmitri Khristich\khrisdm01,31,WSH,RW,43,10,19,29,-8,8,2.6,6,4,0,4,9,10,0,54,18.5,640,14:53
373,Dmitri Khristich\khrisdm01,31,TOR,RW,27,3,6,9,8,8,0.8,1,2,0,0,3,3,0,23,13.0,405,15:01
374,Chad Kilger\kilgech01,24,TOT,C,77,14,18,32,-8,51,2.8,11,2,1,1,16,2,0,103,13.6,1054,13:41
374,Chad Kilger\kilgech01,24,MTL,C,43,9,16,25,-1,34,2.3,7,1,1,1,14,2,0,75,12.0,772,17:57
374,Chad Kilger\kilgech01,24,EDM,C,34,5,2,7,-7,17,0.4,4,1,0,0,2,0,0,28,17.9,282,8:18
375,Kris King\kingkr01,34,CHI,LW,13,1,0,1,-3,8,-0.1,1,0,0,0,0,0,0,12,8.3,130,10:00
376,Patric Kjellberg\kjellpa01,31,NSH,LW,81,14,31,45,-2,12,4.0,9,5,0,2,20,11,0,139,10.1,1430,17:39
377,Trent Klatt\klatttr01,30,VAN,RW,77,13,20,33,8,31,3.2,10,3,0,1,13,6,1,140,9.3,1044,13:33
378,Ken Klee\kleeke01,29,WSH,D,54,2,4,6,-5,60,1.5,2,0,0,0,3,0,1,58,3.4,932,17:15
379,Jon Klemm\klemmjo01,31,COL,D,78,4,11,15,22,54,4.8,2,2,0,2,6,3,2,97,4.1,1554,19:56
380,Rostislav Klesla\kleslro01,18,CBJ,D,8,2,0,2,-1,6,0.5,2,0,0,0,0,0,0,10,20.0,147,18:25
381,Tomas Kloucek\kloucto01,20,NYR,D,43,1,4,5,-3,74,0.5,1,0,0,0,4,0,0,22,4.5,719,16:43
382,Mike Knuble\knublmi01,28,BOS,RW,82,7,13,20,0,37,1.3,6,0,1,1,12,1,0,92,7.6,867,10:34
383,Espen Knutsen\knutses01,29,CBJ,C,66,11,42,53,-3,30,5.0,9,2,0,0,17,25,0,62,17.7,1054,15:59
384,Greg Koehler\koehlgr01,25,CAR,C,1,0,0,0,0,0,0.0,0,0,0,0,0,0,0,0,,1,0:46
385,Ladislav Kohn\kohnla01,25,TOT,RW,77,7,7,14,-27,86,-0.4,5,0,2,0,6,1,0,129,5.4,914,11:52
385,Ladislav Kohn\kohnla01,25,MDA,RW,51,4,3,7,-15,42,-0.3,3,0,1,0,3,0,0,86,4.7,560,10:59
385,Ladislav Kohn\kohnla01,25,ATL,RW,26,3,4,7,-12,44,-0.1,2,0,1,0,3,1,0,43,7.0,354,13:38
386,Saku Koivu\koivusa01,26,MTL,C,54,17,30,47,2,40,5.0,10,7,0,3,18,10,2,113,15.0,1155,21:23
387,Pavel Kolarik\kolarpa01,28,BOS,D,10,0,0,0,-2,4,-0.1,0,0,0,0,0,0,0,1,0.0,88,8:49
388,Juraj Kolnik\kolniju01,20,NYI,RW,29,4,3,7,-8,12,0.4,4,0,0,0,3,0,0,38,10.5,303,10:28
389,Steve Konowalchuk\konowst01,28,WSH,LW,82,24,23,47,8,87,5.2,18,6,0,5,18,5,0,163,14.7,1400,17:04
390,Evgeny Korolev\korolev01,22,NYI,D,8,0,0,0,0,6,0.2,0,0,0,0,0,0,0,11,0.0,133,16:40
391,Igor Korolev\korolig01,30,TOR,RW,73,10,19,29,3,28,2.1,8,2,0,0,18,1,0,78,12.8,1145,15:41
392,Alexander Korolyuk\korolal01,25,SJS,RW,70,12,13,25,2,41,2.5,9,3,0,1,11,2,0,140,8.6,835,11:56
393,Andrei Kovalenko\kovalan01,30,BOS,RW,76,16,21,37,-14,27,2.9,8,7,1,3,18,3,0,119,13.4,1174,15:27
394,Alex Kovalev\kovalal01,27,PIT,RW,79,44,51,95,12,96,10.5,30,12,2,9,25,25,1,307,14.3,1863,23:35
395,Viktor Kozlov\kozlovi01,25,FLA,C,51,14,23,37,-4,10,3.6,8,6,0,2,16,7,0,139,10.1,938,18:23
396,Vyacheslav Kozlov\kozlovy01,28,DET,LW,72,20,18,38,9,30,4.6,16,4,0,5,13,5,0,187,10.7,1060,14:43
397,Milan Kraft\kraftmi01,21,PIT,C,42,7,7,14,-6,8,0.8,5,1,1,1,6,1,0,63,11.1,491,11:41
398,Igor Kravchuk\kravcig01,34,TOT,D,52,1,13,14,-8,18,2.3,1,0,0,1,7,6,0,67,1.5,1188,22:51
398,Igor Kravchuk\kravcig01,34,CGY,D,37,0,8,8,-12,4,1.1,0,0,0,0,4,4,0,54,0.0,878,23:43
398,Igor Kravchuk\kravcig01,34,OTT,D,15,1,5,6,4,14,1.2,1,0,0,1,3,2,0,13,7.7,310,20:41
399,Sergei Krivokrasov\krivose01,26,MIN,RW,54,7,15,22,-1,20,2.0,5,2,0,1,13,2,0,107,6.5,706,13:05
400,Jason Krog\krogja01,25,NYI,LW,9,0,3,3,4,0,0.3,0,0,0,0,2,1,0,7,0.0,95,10:32
401,Robert Kron\kronro01,33,CBJ,LW,59,8,11,19,4,10,1.5,7,0,1,1,11,0,0,134,6.0,1011,17:08
402,Paul Kruse\krusepa01,30,SJS,LW,1,0,0,0,0,5,0.0,0,0,0,0,0,0,0,0,,4,3:32
403,Filip Kuba\kubafi01,24,MIN,D,75,9,21,30,-6,28,6.6,5,4,0,4,10,10,1,141,6.4,1820,24:16
404,Pavel Kubina\kubinpa01,23,TBL,D,70,11,19,30,-14,103,5.0,4,6,1,1,12,6,1,128,8.6,1687,24:06
405,Frantisek Kucera\kucerfr01,32,TOT,D,55,2,7,9,-7,12,1.7,2,0,0,0,7,0,0,60,3.3,965,17:33
405,Frantisek Kucera\kucerfr01,32,CBJ,D,48,2,5,7,-5,12,1.7,2,0,0,0,5,0,0,51,3.9,850,17:42
405,Frantisek Kucera\kucerfr01,32,PIT,D,7,0,2,2,-2,0,0.1,0,0,0,0,2,0,0,9,0.0,115,16:28
406,Kristian Kudroc\kudrokr01,19,TBL,D,22,2,2,4,0,36,0.8,2,0,0,1,2,0,0,12,16.7,201,9:09
407,Jarno Kultanen\kultaja01,28,BOS,D,62,2,8,10,-3,26,2.3,2,0,0,1,4,4,0,76,2.6,1208,19:29
408,Zdenek Kutlak\kutlazd01,20,BOS,D,10,0,2,2,-3,4,0.1,0,0,0,0,2,0,0,7,0.0,161,16:05
409,Maxim Kuznetsov\kuznema01,23,DET,D,25,1,2,3,-1,23,0.6,1,0,0,0,2,0,0,17,5.9,237,9:28
410,Greg Kuznik\kuznigr01,22,CAR,D,1,0,0,0,0,0,0.0,0,0,0,0,0,0,0,0,,8,7:32
411,Oleg Kvasha\kvashol01,22,NYI,C,62,11,9,20,-15,46,1.2,11,0,0,0,8,1,0,118,9.3,926,14:56
412,Joel Kwiatkowski\kwiatjo01,23,OTT,D,4,1,0,1,1,0,0.3,1,0,0,0,0,0,0,2,50.0,48,12:04
413,Antti Laaksonen\laaksan01,27,MIN,LW,82,12,16,28,-7,24,2.0,10,0,2,1,14,0,2,129,9.3,1349,16:27
414,Scott Lachance\lachasc01,28,VAN,D,76,3,11,14,5,46,3.3,3,0,0,0,10,0,1,55,5.5,1477,19:26
415,Dan LaCouture\lacouda01,23,TOT,LW,48,2,4,6,-2,43,0.1,2,0,0,1,4,0,0,23,8.7,328,6:50
415,Dan LaCouture\lacouda01,23,EDM,LW,37,2,4,6,-2,29,0.3,2,0,0,1,4,0,0,22,9.1,263,7:06
415,Dan LaCouture\lacouda01,23,PIT,LW,11,0,0,0,0,14,-0.1,0,0,0,0,0,0,0,1,0.0,66,5:57
416,Eric Lacroix\lacroer01,29,TOT,LW,55,2,4,6,-6,43,-0.1,2,0,0,0,4,0,0,32,6.3,363,6:36
416,Eric Lacroix\lacroer01,29,NYR,LW,46,2,3,5,-6,39,-0.1,2,0,0,0,3,0,0,22,9.1,291,6:19
416,Eric Lacroix\lacroer01,29,OTT,LW,9,0,1,1,0,4,0.0,0,0,0,0,1,0,0,10,0.0,73,8:05
417,Christian Laflamme\laflach01,24,MTL,D,39,0,3,3,-11,42,0.2,0,0,0,0,2,1,0,16,0.0,471,12:04
418,Denny Lambert\lambede01,31,ATL,LW,67,1,7,8,-5,215,-0.4,1,0,0,0,6,1,0,44,2.3,612,9:08
419,Eric Landry\landrer01,26,MTL,C,51,4,7,11,-9,43,0.5,2,2,0,0,6,1,0,54,7.4,475,9:19
420,Robert Lang\langro01,30,PIT,C,82,32,48,80,20,28,8.5,22,10,0,2,33,15,0,177,18.1,1673,20:24
421,Darren Langdon\langdda01,30,CAR,LW,54,0,2,2,-4,94,-0.2,0,0,0,0,2,0,0,6,0.0,181,3:21
422,Jamie Langenbrunner\langeja01,25,DAL,RW,53,12,18,30,4,57,3.1,7,3,2,4,11,6,1,104,11.5,874,16:30
423,Daymond Langkow\langkda01,24,PHI,C,71,13,41,54,12,50,5.1,10,3,0,2,31,10,0,190,6.8,1323,18:38
424,Ian Laperriere\laperia01,27,LAK,RW,79,8,10,18,5,141,1.1,8,0,0,0,10,0,0,60,13.3,951,12:02
425,Claude Lapointe\lapoicl01,32,NYI,LW,80,9,23,32,-2,56,1.8,7,1,1,1,16,4,3,94,9.6,1494,18:40
426,Martin Lapointe\lapoima01,27,DET,RW,82,27,30,57,3,127,6.6,14,13,0,8,19,10,1,181,14.9,1320,16:06
427,Georges Laraque\laraqge01,24,EDM,RW,82,13,16,29,5,148,3.2,12,1,0,1,14,2,0,73,17.8,742,9:03
428,Igor Larionov*\larioig01,40,TOT,C,65,9,31,40,-5,38,3.1,5,4,0,1,19,12,0,46,19.6,1078,16:35
428,Igor Larionov*\larioig01,40,DET,C,39,4,25,29,6,28,2.6,2,2,0,1,16,9,0,31,12.9,647,16:36
428,Igor Larionov*\larioig01,40,FLA,C,26,5,6,11,-11,10,0.5,3,2,0,0,3,3,0,15,33.3,430,16:33
429,Brad Larsen\larsebr01,23,COL,LW,9,0,0,0,1,0,-0.1,0,0,0,0,0,0,0,3,0.0,84,9:17
430,Janne Laukkanen\laukkja01,30,PIT,D,50,3,17,20,9,34,3.1,3,0,0,0,13,3,1,58,5.2,923,18:28
431,Paul Laus\lauspa01,30,FLA,RW,25,1,2,3,5,66,0.0,1,0,0,0,2,0,0,18,5.6,359,14:22
432,Kirby Law\lawki01,23,PHI,RW,1,0,0,0,-1,0,0.0,0,0,0,0,0,0,0,0,,3,3:23
433,Mark Lawrence\lawrema01,29,NYI,RW,36,3,4,7,-9,32,0.1,2,1,0,0,4,0,0,32,9.4,355,9:52
434,Vincent Lecavalier\lecavvi01,20,TBL,C,68,23,28,51,-26,66,4.4,16,7,0,3,18,10,0,165,13.9,1356,19:57
435,John LeClair\leclajo01,31,PHI,LW,16,7,5,12,2,0,1.5,4,3,0,2,3,2,0,48,14.6,306,19:06
436,Mike Leclerc\leclemi01,24,MDA,LW,54,15,20,35,-1,26,3.7,12,3,0,3,12,8,0,130,11.5,950,17:36
437,Grant Ledyard\ledyagr01,39,TOT,D,22,2,3,5,-2,16,1.0,2,0,0,0,2,1,0,19,10.5,379,17:14
437,Grant Ledyard\ledyagr01,39,TBL,D,14,2,2,4,-5,12,0.5,2,0,0,0,1,1,0,12,16.7,256,18:15
437,Grant Ledyard\ledyagr01,39,DAL,D,8,0,1,1,3,4,0.5,0,0,0,0,1,0,0,7,0.0,123,15:26
438,Greg Leeb\leebgr01,23,DAL,C,2,0,0,0,-1,0,-0.1,0,0,0,0,0,0,0,4,0.0,14,6:56
439,Brian Leetch*\leetcbr01,32,NYR,D,82,21,58,79,-18,34,9.4,10,10,1,3,27,27,4,241,8.7,2407,29:21
440,Sylvain Lefebvre\lefebsy01,33,NYR,D,71,2,13,15,3,55,2.3,2,0,0,0,11,0,2,39,5.1,1289,18:10
441,David Legwand\legwada01,20,NSH,C,81,13,28,41,1,38,3.9,10,3,0,3,22,6,0,172,7.6,1234,15:14
442,Jere Lehtinen\lehtije01,27,DAL,LW,74,20,25,45,14,24,5.0,13,7,0,1,19,4,2,148,13.5,1427,19:17
443,Claude Lemieux\lemiecl01,35,PHX,RW,46,10,16,26,1,58,2.4,8,2,0,1,8,8,0,99,10.1,791,17:12
444,Mario Lemieux*\lemiema01,35,PIT,C,43,35,41,76,15,18,9.5,18,16,1,5,25,16,0,171,20.5,1047,24:20
445,Jean-Yves Leroux\lerouje01,24,CHI,LW,59,4,4,8,-9,22,-0.1,3,1,0,0,4,0,0,60,6.7,601,10:11
446,Curtis Leschyshyn\leschcu01,31,TOT,D,65,2,7,9,5,19,3.4,1,1,0,1,6,1,0,51,3.9,1263,19:26
446,Curtis Leschyshyn\leschcu01,31,MIN,D,54,2,3,5,-2,19,2.3,1,1,0,1,2,1,0,43,4.7,1054,19:31
446,Curtis Leschyshyn\leschcu01,31,OTT,D,11,0,4,4,7,0,1.1,0,0,0,0,4,0,0,8,0.0,210,19:04
447,Trevor Letowski\letowtr01,23,PHX,C,77,7,15,22,-2,32,0.8,6,0,1,3,13,1,1,110,6.4,1258,16:20
448,Nicklas Lidstrom*\lidstni01,30,DET,D,82,15,56,71,9,18,12.2,7,8,0,0,20,35,1,272,5.5,2333,28:27
449,Andreas Lilja\liljaan01,25,LAK,D,2,0,0,0,-2,4,-0.1,0,0,0,0,0,0,0,1,0.0,25,12:22
450,Juha Lind\lindju01,27,MTL,LW,47,3,4,7,-4,4,0.3,3,0,0,2,4,0,0,36,8.3,367,7:49
451,Trevor Linden\lindetr01,30,TOT,C,69,15,22,37,0,60,3.2,9,6,0,3,14,8,0,126,11.9,1402,20:19
451,Trevor Linden\lindetr01,30,MTL,C,57,12,21,33,-2,52,2.8,6,6,0,3,13,8,0,96,12.5,1185,20:47
451,Trevor Linden\lindetr01,30,WSH,C,12,3,1,4,2,8,0.4,3,0,0,0,1,0,0,30,10.0,217,18:03
452,Mats Lindgren\lindgma01,26,NYI,C,20,3,4,7,4,10,0.7,1,0,2,0,3,0,1,34,8.8,305,15:14
453,Bill Lindsay\lindsbi01,29,TOT,LW,68,1,13,14,-6,126,0.2,1,0,0,0,12,1,0,71,1.4,696,10:14
453,Bill Lindsay\lindsbi01,29,CGY,LW,52,1,9,10,-8,97,0.0,1,0,0,0,9,0,0,57,1.8,547,10:32
453,Bill Lindsay\lindsbi01,29,SJS,LW,16,0,4,4,2,29,0.2,0,0,0,0,3,1,0,14,0.0,148,9:16
454,Richard Lintner\lintnri01,23,NSH,D,50,3,5,8,2,22,2.4,2,1,0,0,5,0,0,81,3.7,654,13:05
455,Reed Low\lowre01,24,STL,RW,56,1,5,6,4,159,0.3,1,0,0,0,5,0,0,31,3.2,352,6:17
456,Dave Lowry\lowryda01,35,CGY,LW,79,18,17,35,-2,47,3.3,13,5,0,5,13,4,0,108,16.7,1259,15:57
457,Brad Lukowich\lukowbr01,24,DAL,D,80,4,10,14,28,76,5.5,4,0,0,2,7,2,1,43,9.3,1184,14:48
458,Jyrki Lumme\lummejy01,34,PHX,D,58,4,21,25,3,44,4.5,4,0,0,0,12,9,0,77,5.2,1260,21:44
459,Roman Lyashenko\lyashro01,21,DAL,C,60,6,3,9,-1,45,0.6,6,0,0,1,2,1,0,48,12.5,575,9:35
460,Toni Lydman\lydmato01,23,CGY,D,62,3,16,19,-7,30,3.5,2,1,0,0,8,7,1,80,3.8,1278,20:36
461,Al MacInnis*\macinal01,37,STL,D,59,12,42,54,23,52,10.5,5,6,1,3,11,29,2,218,5.5,1565,26:32
462,Don MacLean\macledo01,24,TOR,C,3,0,1,1,-2,2,0.0,0,0,0,0,1,0,0,2,0.0,29,9:48
463,John MacLean\maclejo01,36,TOT,RW,30,4,2,6,-2,17,0.4,3,1,0,0,2,0,0,41,9.8,378,12:35
463,John MacLean\maclejo01,36,DAL,RW,28,4,2,6,0,17,0.5,3,1,0,0,2,0,0,41,9.8,357,12:45
463,John MacLean\maclejo01,36,NYR,RW,2,0,0,0,-2,0,-0.1,0,0,0,0,0,0,0,0,,20,10:14
464,John Madden\maddejo01,27,NJD,LW,80,23,15,38,24,12,4.6,20,0,3,4,15,0,0,163,14.1,1247,15:35
465,Adam Mair\mairad01,21,TOT,LW,26,0,2,2,0,20,-0.2,0,0,0,0,2,0,0,22,0.0,207,7:57
465,Adam Mair\mairad01,21,TOR,LW,16,0,2,2,3,14,0.1,0,0,0,0,2,0,0,17,0.0,144,9:01
465,Adam Mair\mairad01,21,LAK,LW,10,0,0,0,-3,6,-0.2,0,0,0,0,0,0,0,5,0.0,62,6:14
466,Vladimir Malakhov\malakvl01,32,NYR,D,3,0,2,2,0,4,0.2,0,0,0,0,0,1,1,6,0.0,57,19:07
467,Manny Malhotra\malhoma01,20,NYR,C,50,4,8,12,-10,31,0.3,4,0,0,2,7,1,0,46,8.7,453,9:03
468,Marek Malik\malikma01,25,CAR,D,61,6,14,20,-4,34,4.4,5,1,0,1,11,3,0,72,8.3,1195,19:36
469,Steve Maltais\maltast01,32,CBJ,RW,26,0,3,3,-9,12,-0.5,0,0,0,0,2,1,0,30,0.0,311,11:57
470,Kirk Maltby\maltbki01,28,DET,RW,79,12,7,19,16,22,1.9,8,1,3,3,5,1,1,119,10.1,1129,14:17
471,Kent Manderville\mandeke01,29,PHI,C,82,5,10,15,-2,47,0.2,2,0,3,2,9,0,1,136,3.7,1035,12:38
472,Mike Maneluk\manelmi01,27,CBJ,RW,39,5,1,6,-11,33,0.0,3,2,0,2,0,1,0,31,16.1,458,11:45
473,Eric Manlow\manloer01,25,BOS,C,8,0,1,1,0,2,0.0,0,0,0,0,1,0,0,3,0.0,59,7:26
474,Cameron Mann\mannca01,23,BOS,RW,15,1,3,4,0,6,0.3,1,0,0,0,3,0,0,17,5.9,127,8:29
475,Dave Manson\mansoda01,34,TOR,D,74,4,7,11,13,93,3.7,4,0,0,0,6,1,0,70,5.7,1169,15:48
476,Paul Mara\marapa01,21,TOT,D,62,6,14,20,-16,54,3.0,4,2,0,1,10,4,0,78,7.7,1373,22:08
476,Paul Mara\marapa01,21,TBL,D,46,6,10,16,-17,40,2.1,4,2,0,1,8,2,0,58,10.3,1063,23:06
476,Paul Mara\marapa01,21,PHX,D,16,0,4,4,1,14,0.8,0,0,0,0,2,2,0,20,0.0,310,19:22
477,Todd Marchant\marchto01,27,EDM,C,71,13,26,39,1,51,3.1,9,0,4,2,19,4,3,113,11.5,1271,17:54
478,Bryan Marchment\marchbr02,31,SJS,D,75,7,11,18,15,204,5.4,6,0,1,3,10,0,1,73,9.6,1365,18:12
479,Josef Marha\marhajo01,24,CHI,C,15,0,3,3,-4,6,-0.1,0,0,0,0,3,0,0,17,0.0,191,12:46
480,Andrei Markov\markoan01,22,MTL,D,63,6,17,23,-6,18,4.1,4,2,0,0,3,14,0,82,7.3,1064,16:53
481,Danny Markov\markoda01,24,TOR,D,59,3,13,16,6,34,3.5,2,1,0,2,9,4,0,49,6.1,1123,19:02
482,Patrick Marleau\marlepa01,21,SJS,C,81,25,27,52,7,22,6.0,20,5,0,6,20,7,0,146,17.1,1319,16:17
483,Grant Marshall\marshgr01,27,DAL,RW,75,13,24,37,1,64,3.9,9,4,0,1,13,11,0,93,14.0,832,11:05
484,Jason Marshall\marshja02,29,TOT,D,55,3,4,7,-13,122,1.2,0,2,1,1,4,0,0,43,7.0,789,14:21
484,Jason Marshall\marshja02,29,MDA,D,50,3,4,7,-12,105,1.2,0,2,1,1,4,0,0,38,7.9,730,14:36
484,Jason Marshall\marshja02,29,WSH,D,5,0,0,0,-1,17,0.0,0,0,0,0,0,0,0,5,0.0,59,11:48
485,Steve Martins\martist02,28,TOT,C,59,2,4,6,-16,33,-0.7,1,0,1,0,4,0,0,46,4.3,569,9:39
485,Steve Martins\martist02,28,NYI,C,39,1,3,4,-7,20,-0.3,0,0,1,0,3,0,0,28,3.6,377,9:41
485,Steve Martins\martist02,28,TBL,C,20,1,1,2,-9,13,-0.4,1,0,0,0,1,0,0,18,5.6,192,9:35
486,Marquis Mathieu\mathima01,27,BOS,C,1,0,0,0,0,2,0.0,0,0,0,0,0,0,0,0,,7,7:04
487,Christian Matte\mattech01,26,MIN,RW,3,0,0,0,0,2,-0.1,0,0,0,0,0,0,0,8,0.0,40,13:21
488,Stephane Matteau\mattest01,31,SJS,LW,80,13,19,32,5,32,3.4,12,1,0,3,18,1,0,81,16.0,873,10:55
489,Mike Matteucci\mattemi01,29,MIN,D,3,0,0,0,-2,2,-0.1,0,0,0,0,0,0,0,3,0.0,34,11:29
490,Richard Matvichuk\matviri01,27,DAL,D,78,4,16,20,5,62,5.1,2,2,0,1,12,4,0,85,4.7,1786,22:53
491,Brad May\maybr01,29,PHX,LW,62,11,14,25,10,107,2.9,11,0,0,0,14,0,0,83,13.3,693,11:11
492,Jamal Mayers\mayerja01,26,STL,RW,77,8,13,21,-3,117,1.5,8,0,0,0,13,0,0,132,6.1,852,11:04
493,Chris McAllister\mcallch01,25,PHI,D,60,2,2,4,1,124,1.3,2,0,0,0,2,0,0,33,6.1,696,11:36
494,Chris McAlpine\mcalpch01,29,CHI,D,50,0,6,6,5,32,1.9,0,0,0,0,6,0,0,61,0.0,884,17:41
495,Dean McAmmond\mcammde01,27,TOT,LW,71,11,17,28,3,43,2.5,9,2,0,1,17,0,0,112,9.8,1065,15:00
495,Dean McAmmond\mcammde01,27,CHI,LW,61,10,16,26,4,43,2.4,9,1,0,1,16,0,0,95,10.5,945,15:30
495,Dean McAmmond\mcammde01,27,PHI,LW,10,1,1,2,-1,0,0.1,0,1,0,0,1,0,0,17,5.9,120,12:00
496,Bryan McCabe\mccabbr01,25,TOR,D,82,5,24,29,16,123,6.7,2,3,0,2,10,14,0,159,3.1,1953,23:49
497,Sandy McCarthy\mccarsa01,28,NYR,RW,81,11,10,21,3,171,1.7,11,0,0,2,10,0,0,95,11.6,843,10:25
498,Steve McCarthy\mccarst01,19,CHI,D,44,0,5,5,-7,8,0.7,0,0,0,0,5,0,0,32,0.0,650,14:47
499,Darren McCarty\mccarda02,28,DET,RW,72,12,10,22,-5,123,1.7,10,1,1,3,7,3,0,118,10.2,968,13:26
500,Alyn McCauley\mccaual01,23,TOR,C,14,1,0,1,0,0,-0.1,1,0,0,0,0,0,0,13,7.7,147,10:28
501,Andy McDonald\mcdonan01,23,MDA,C,16,1,0,1,0,6,-0.1,1,0,0,0,0,0,0,21,4.8,179,11:11
502,Shawn McEachern\mceacsh01,31,OTT,LW,82,32,40,72,10,62,8.3,23,9,0,1,30,10,0,231,13.9,1510,18:25
503,Dan McGillis\mcgilda01,28,PHI,D,82,14,35,49,13,86,9.3,10,4,0,4,16,18,1,207,6.8,1918,23:23
504,Marty McInnis\mcinnma01,30,MDA,RW,75,20,22,42,-21,40,3.5,10,10,0,1,11,11,0,136,14.7,1387,18:30
505,Randy McKay\mckayra02,34,NJD,RW,77,23,20,43,3,50,4.7,11,12,0,5,17,3,0,120,19.2,1076,13:58
506,Jay McKee\mckeeja01,23,BUF,D,74,1,10,11,9,76,4.2,1,0,0,0,8,0,2,62,1.6,1435,19:24
507,Steve McKenna\mckenst01,27,TOT,LW,54,1,1,2,-4,119,-0.3,1,0,0,0,1,0,0,19,5.3,271,5:01
507,Steve McKenna\mckenst01,27,PIT,LW,34,0,0,0,-4,100,-0.4,0,0,0,0,0,0,0,7,0.0,111,3:16
507,Steve McKenna\mckenst01,27,MIN,LW,20,1,1,2,0,19,0.1,1,0,0,0,1,0,0,12,8.3,160,7:59
508,Jim McKenzie\mckenji02,31,NJD,LW,53,2,2,4,0,119,-0.2,2,0,0,0,2,0,0,32,6.3,420,7:56
509,Kyle McLaren\mclarky01,23,BOS,D,58,5,12,17,-5,53,3.4,3,2,0,0,11,0,1,91,5.5,1405,24:14
510,Josef Melichar\melicjo01,22,PIT,D,18,0,2,2,-5,21,-0.2,0,0,0,0,1,1,0,9,0.0,268,14:54
511,Scott Mellanby\mellasc01,34,TOT,RW,63,11,10,21,-13,71,1.3,8,3,0,0,7,3,0,95,11.6,944,14:59
511,Scott Mellanby\mellasc01,34,FLA,RW,40,4,9,13,-13,46,0.3,3,1,0,0,7,2,0,58,6.9,599,14:59
511,Scott Mellanby\mellasc01,34,STL,RW,23,7,1,8,0,25,1.0,5,2,0,0,0,1,0,37,18.9,345,15:00
512,Eric Messier\messier01,27,COL,LW,64,5,7,12,-3,26,0.2,5,0,0,1,7,0,0,60,8.3,786,12:16
513,Mark Messier*\messima01,40,NYR,C,82,24,43,67,-25,89,5.2,9,12,3,2,23,17,3,131,18.3,1578,19:14
514,Glen Metropolit\metrogl01,26,WSH,C,15,1,5,6,-2,10,0.3,1,0,0,0,1,4,0,20,5.0,178,11:50
515,Branislav Mezei\mezeibr01,20,NYI,D,42,1,4,5,-5,53,1.0,1,0,0,0,3,0,1,29,3.4,622,14:48
516,Craig Millar\millacr01,24,TOT,D,21,1,1,2,-7,16,0.1,1,0,0,1,1,0,0,12,8.3,301,14:19
516,Craig Millar\millacr01,24,TBL,D,16,1,1,2,-8,10,0.0,1,0,0,1,1,0,0,10,10.0,240,15:01
516,Craig Millar\millacr01,24,NSH,D,5,0,0,0,1,6,0.2,0,0,0,0,0,0,0,2,0.0,60,12:04
517,Aaron Miller\milleaa01,29,TOT,D,69,4,14,18,22,43,4.9,4,0,0,0,13,0,1,59,6.8,1327,19:14
517,Aaron Miller\milleaa01,29,COL,D,56,4,9,13,19,29,4.0,4,0,0,0,8,0,1,49,8.2,1032,18:25
517,Aaron Miller\milleaa01,29,LAK,D,13,0,5,5,3,14,1.0,0,0,0,0,5,0,0,10,0.0,296,22:44
518,Kip Miller\milleki01,31,PIT,LW,33,3,8,11,0,6,0.7,2,1,0,0,8,0,0,38,7.9,323,9:46
519,Boris Mironov\mironbo01,28,CHI,D,66,5,17,22,-14,42,3.3,2,3,0,0,9,7,1,143,3.5,1458,22:05
520,Dmitri Mironov\mirondm01,35,WSH,D,36,3,5,8,-7,6,1.2,2,1,0,1,2,2,1,33,9.1,595,16:32
521,Willie Mitchell\mitchwi01,23,TOT,D,33,1,9,10,4,40,2.1,1,0,0,0,7,1,1,30,3.3,592,17:56
521,Willie Mitchell\mitchwi01,23,MIN,D,17,1,7,8,4,11,1.8,1,0,0,0,5,1,1,16,6.3,354,20:49
521,Willie Mitchell\mitchwi01,23,NJD,D,16,0,2,2,0,29,0.3,0,0,0,0,2,0,0,14,0.0,238,14:52
522,Mike Modano*\modanmi01,30,DAL,C,81,33,51,84,26,52,10.2,22,8,3,7,34,17,0,208,15.9,1815,22:24
523,Fredrik Modin\modinfr01,26,TBL,LW,76,32,24,56,-1,48,6.9,24,8,0,4,13,11,0,217,14.7,1312,17:15
524,Jaroslav Modry\modryja01,29,LAK,D,63,4,15,19,16,48,4.4,4,0,0,0,10,3,2,72,5.6,1157,18:22
525,Alexander Mogilny\mogilal01,31,NJD,RW,75,43,40,83,10,43,10.6,31,12,0,7,23,17,0,240,17.9,1266,16:53
526,Jim Montgomery\montgji01,31,SJS,C,28,1,6,7,-1,19,0.4,0,1,0,0,3,3,0,17,5.9,255,9:06
527,Ian Moran\morania01,28,PIT,D,40,3,4,7,5,28,1.4,3,0,0,1,4,0,0,73,4.1,708,17:43
528,Ethan Moreau\moreaet01,25,EDM,LW,68,9,10,19,-6,90,0.9,8,0,1,3,8,1,1,97,9.3,964,14:11
529,Marc Moro\moroma01,23,NSH,D,6,0,0,0,1,12,0.1,0,0,0,0,0,0,0,1,0.0,21,3:34
530,Aleksey Morozov\morozal01,23,PIT,RW,66,5,14,19,-8,6,0.6,5,0,0,1,11,3,0,72,6.9,705,10:41
531,Derek Morris\morride01,22,CGY,D,51,5,23,28,-15,56,4.0,1,3,1,4,8,14,1,142,3.5,1318,25:51
532,Brendan Morrison\morribr01,25,VAN,C,82,16,38,54,2,42,4.7,11,3,2,3,23,12,3,179,8.9,1506,18:22
533,Brenden Morrow\morrobr01,22,DAL,LW,82,20,24,44,18,128,5.3,13,7,0,6,19,5,0,121,16.5,1270,15:29
534,Mike Mottau\mottami01,22,NYR,D,18,0,3,3,-6,13,-0.1,0,0,0,0,1,2,0,17,0.0,275,15:18
535,Bill Muckalt\muckabi01,26,NYI,RW,60,11,15,26,-4,33,2.4,10,1,0,2,12,3,0,90,12.2,823,13:43
536,Bryan Muir\muirbr01,27,TOT,D,18,0,3,3,-7,19,0.0,0,0,0,0,1,2,0,17,0.0,252,13:59
536,Bryan Muir\muirbr01,27,TBL,D,10,0,3,3,-7,15,0.0,0,0,0,0,1,2,0,14,0.0,186,18:34
536,Bryan Muir\muirbr01,27,COL,D,8,0,0,0,0,4,0.0,0,0,0,0,0,0,0,3,0.0,66,8:14
537,Kirk Muller\mulleki01,34,DAL,C,55,1,9,10,-4,26,-0.1,1,0,0,0,9,0,0,54,1.9,680,12:22
538,Gord Murphy\murphgo01,33,ATL,D,27,3,11,14,-11,12,1.3,1,2,0,0,3,6,2,44,6.8,560,20:44
539,Joe Murphy\murphjo01,33,WSH,RW,14,1,5,6,-5,20,0.2,0,1,0,0,2,3,0,22,4.5,175,12:31
540,Larry Murphy*\murphla01,39,DET,D,57,2,19,21,-6,12,3.1,2,0,0,1,12,7,0,81,2.5,1083,19:00
541,Glen Murray\murragl01,28,LAK,RW,64,18,21,39,9,32,4.0,14,3,1,1,18,1,2,138,13.0,1165,18:12
542,Marty Murray\murrama01,25,CGY,C,7,0,0,0,-2,0,-0.2,0,0,0,0,0,0,0,6,0.0,101,14:28
543,Rem Murray\murrare01,28,EDM,LW,82,15,21,36,5,24,3.1,11,1,3,3,16,3,2,122,12.3,1259,15:21
544,Frantisek Musil\musilfr01,36,EDM,D,13,0,2,2,-2,4,0.2,0,0,0,0,2,0,0,0,,145,11:09
545,Brantt Myhres\myhrebr01,26,TOT,LW,25,0,0,0,-5,57,-0.3,0,0,0,0,0,0,0,1,0.0,94,3:45
545,Brantt Myhres\myhrebr01,26,NSH,LW,20,0,0,0,-5,28,-0.3,0,0,0,0,0,0,0,1,0.0,76,3:48
545,Brantt Myhres\myhrebr01,26,WSH,LW,5,0,0,0,0,29,0.0,0,0,0,0,0,0,0,0,,18,3:36
546,Anders Myrvold\myrvoan01,25,NYI,D,12,0,1,1,-2,0,0.1,0,0,0,0,0,1,0,8,0.0,113,9:26
547,Ladislav Nagy\nagyla01,21,TOT,RW,46,8,9,17,-2,22,1.6,6,2,0,2,7,2,0,64,12.5,598,13:00
547,Ladislav Nagy\nagyla01,21,STL,RW,40,8,8,16,-2,20,1.6,6,2,0,2,6,2,0,59,13.6,522,13:03
547,Ladislav Nagy\nagyla01,21,PHX,RW,6,0,1,1,0,2,0.0,0,0,0,0,1,0,0,5,0.0,76,12:38
548,Tyson Nash\nashty01,25,STL,LW,57,8,7,15,8,110,1.5,7,0,1,0,7,0,0,113,7.1,711,12:29
549,Markus Naslund\nasluma02,27,VAN,RW,72,41,34,75,-2,58,9.5,22,18,1,5,18,16,0,277,14.8,1371,19:03
550,Andrei Nazarov\nazaran01,26,TOT,RW,79,2,4,6,-23,229,-1.1,2,0,0,0,4,0,0,63,3.2,655,8:18
550,Andrei Nazarov\nazaran01,26,BOS,RW,63,1,4,5,-14,200,-0.8,1,0,0,0,4,0,0,50,2.0,516,8:12
550,Andrei Nazarov\nazaran01,26,MDA,RW,16,1,0,1,-9,29,-0.3,1,0,0,0,0,0,0,13,7.7,139,8:42
551,Stan Neckar\neckast01,25,TOT,D,69,2,4,6,-3,71,1.8,2,0,0,1,4,0,0,26,7.7,1115,16:09
551,Stan Neckar\neckast01,25,PHX,D,53,2,2,4,-2,63,1.3,2,0,0,1,2,0,0,16,12.5,818,15:26
551,Stan Neckar\neckast01,25,TBL,D,16,0,2,2,-1,8,0.5,0,0,0,0,2,0,0,10,0.0,297,18:33
552,Petr Nedved\nedvepe01,29,NYR,C,79,32,46,78,10,54,8.5,22,9,1,5,34,12,0,230,13.9,1602,20:16
553,Sergei Nemchinov\nemchse01,37,NJD,C,65,8,22,30,11,16,2.6,7,1,0,2,20,1,1,70,11.4,859,13:13
554,Eric Nickulas\nickuer01,25,BOS,C,7,0,0,0,-2,4,-0.2,0,0,0,0,0,0,0,6,0.0,50,7:07
555,Rob Niedermayer\niedero01,26,FLA,C,67,12,20,32,-12,50,1.8,8,3,1,0,14,5,1,115,10.4,1373,20:30
556,Scott Niedermayer*\niedesc01,27,NJD,D,57,6,29,35,14,22,5.8,5,1,0,5,19,10,0,87,6.9,1329,23:19
557,Chris Nielsen\nielsch01,20,CBJ,LW,29,4,5,9,4,4,1.1,4,0,0,1,5,0,0,36,11.1,305,10:30
558,Jeff Nielsen\nielsje01,29,MIN,RW,59,3,8,11,-16,4,-0.3,2,1,0,1,7,0,1,82,3.7,800,13:33
559,Antti-Jussi Niemi\niemian01,23,MDA,D,28,1,1,2,-6,22,0.5,1,0,0,0,1,0,0,18,5.6,446,15:56
560,Ville Nieminen\niemivi01,23,COL,LW,50,14,8,22,8,38,2.9,12,2,0,3,5,3,0,68,20.6,622,12:26
561,Joe Nieuwendyk*\nieuwjo01,34,DAL,C,69,29,23,52,5,30,6.8,17,12,0,4,15,8,0,166,17.5,1116,16:11
562,Janne Niinimaa\niinija01,25,EDM,D,82,12,34,46,6,90,8.1,4,8,0,1,18,15,1,122,9.8,2078,25:20
563,Andrei Nikolishin\nikolan01,27,WSH,C,81,13,25,38,9,34,3.5,9,4,0,2,19,3,3,145,9.0,1259,15:32
564,Marcus Nilson\nilsoma01,22,FLA,RW,78,12,24,36,-3,74,2.8,12,0,0,2,18,6,0,141,8.5,1230,15:46
565,Owen Nolan\nolanow01,28,SJS,RW,57,24,25,49,0,75,5.5,13,10,1,4,14,11,0,191,12.6,1244,21:49
566,Mattias Norstrom\norstma01,29,LAK,D,82,0,18,18,10,60,3.9,0,0,0,0,18,0,0,59,0.0,1790,21:50
567,Jeff Norton\nortoje01,35,TOT,D,42,2,11,13,12,28,2.7,1,1,0,1,11,0,0,22,9.1,785,18:41
567,Jeff Norton\nortoje01,35,PIT,D,32,2,10,12,8,20,2.1,1,1,0,1,10,0,0,17,11.8,592,18:30
567,Jeff Norton\nortoje01,35,SJS,D,10,0,1,1,4,8,0.6,0,0,0,0,1,0,0,5,0.0,193,19:18
568,Ivan Novoseltsev\novosiv01,22,FLA,RW,38,3,6,9,-5,16,0.4,3,0,0,0,5,1,0,34,8.8,408,10:44
569,Petteri Nummelin\nummepe01,28,CBJ,D,61,4,12,16,-11,10,2.6,2,2,0,0,4,8,0,99,4.0,1051,17:14
570,Teppo Numminen\nummite01,32,PHX,D,72,5,26,31,9,36,6.3,4,1,0,2,5,21,0,109,4.6,1762,24:28
571,Kai Nurminen\nurmika01,31,MIN,LW,2,1,0,1,-1,2,0.1,1,0,0,0,0,0,0,1,100.0,31,15:34
572,Michael Nylander\nylanmi01,28,CHI,C,82,25,39,64,7,32,7.1,21,4,0,5,26,11,2,176,14.2,1547,18:52
573,Sean O'Donnell\odonnse01,29,TOT,D,80,4,13,17,0,161,4.7,3,1,0,2,11,1,1,67,6.0,1729,21:37
573,Sean O'Donnell\odonnse01,29,MIN,D,63,4,12,16,-2,128,4.4,3,1,0,2,10,1,1,58,6.9,1449,23:00
573,Sean O'Donnell\odonnse01,29,NJD,D,17,0,1,1,2,33,0.4,0,0,0,0,1,0,0,9,0.0,280,16:27
574,Jeff O'Neill\oneilje01,24,CAR,RW,82,41,26,67,-18,106,8.3,24,17,0,5,14,12,0,242,16.9,1504,18:20
575,Adam Oates*\oatesad01,38,WSH,C,81,13,69,82,-9,28,6.5,8,5,0,4,30,37,2,72,18.1,1701,21:00
576,Jaroslav Obsut\obsutja01,24,STL,D,4,0,0,0,1,2,0.2,0,0,0,0,0,0,0,3,0.0,74,18:31
577,Lyle Odelein\odelely01,32,CBJ,D,81,3,14,17,-16,118,3.1,2,1,0,0,8,6,0,104,2.9,1743,21:31
578,Jeff Odgers\odgerje01,31,ATL,RW,82,6,7,13,-8,226,0.3,6,0,0,1,7,0,0,67,9.0,709,8:39
579,Gino Odjick\odjicgi01,30,TOT,LW,30,2,3,5,0,72,0.3,2,0,0,0,3,0,0,32,6.3,237,7:55
579,Gino Odjick\odjicgi01,30,PHI,LW,17,1,3,4,0,28,0.3,1,0,0,0,3,0,0,21,4.8,145,8:33
579,Gino Odjick\odjicgi01,30,MTL,LW,13,1,0,1,0,44,0.1,1,0,0,0,0,0,0,11,9.1,92,7:04
580,Mattias Ohlund\ohlunma01,24,VAN,D,65,8,20,28,-16,46,3.8,6,1,1,4,9,8,3,136,5.9,1625,25:00
581,David Oliver\oliveda01,29,OTT,RW,7,0,0,0,0,2,-0.1,0,0,0,0,0,0,0,2,0.0,39,5:37
582,Krzysztof Oliwa\oliwakr01,27,TOT,LW,36,1,4,5,-3,165,0.1,1,0,0,0,4,0,0,22,4.5,182,5:03
582,Krzysztof Oliwa\oliwakr01,27,PIT,LW,26,1,2,3,-4,131,0.0,1,0,0,0,2,0,0,17,5.9,129,4:58
582,Krzysztof Oliwa\oliwakr01,27,CBJ,LW,10,0,2,2,1,34,0.2,0,0,0,0,2,0,0,5,0.0,53,5:17
583,Sandis Ozolinsh\ozolisa01,28,CAR,D,72,12,32,44,-25,71,6.5,6,4,2,2,16,15,1,145,8.3,1598,22:12
584,Samuel Pahlsson\pahlssa01,23,TOT,C,76,4,5,9,-14,20,-0.8,2,1,1,1,5,0,0,59,6.8,1083,14:15
584,Samuel Pahlsson\pahlssa01,23,MDA,C,59,3,4,7,-9,14,-0.5,1,1,1,1,4,0,0,46,6.5,839,14:14
584,Samuel Pahlsson\pahlssa01,23,BOS,C,17,1,1,2,-5,6,-0.3,1,0,0,0,1,0,0,13,7.7,243,14:19
585,Ziggy Palffy\palffzi01,28,LAK,RW,73,38,51,89,22,20,11.1,22,12,4,8,23,28,0,217,17.5,1443,19:46
586,Jay Pandolfo\pandoja01,26,NJD,LW,63,4,12,16,3,16,0.4,4,0,0,0,12,0,0,57,7.0,887,14:05
587,Scott Parker\parkesc01,23,COL,RW,69,2,3,5,-2,155,-0.1,2,0,0,1,3,0,0,35,5.7,394,5:42
588,Mark Parrish\parrima01,23,NYI,RW,70,17,13,30,-27,28,2.1,11,6,0,3,9,4,0,123,13.8,1082,15:27
589,Pavel Patera\paterpa01,29,MIN,C,20,1,3,4,-8,4,-0.2,1,0,0,0,2,1,0,14,7.1,289,14:27
590,James Patrick\patrija01,37,BUF,D,54,4,9,13,9,12,3.9,3,1,0,0,4,5,0,48,8.3,932,17:16
591,Serge Payer\payerse01,21,FLA,C,43,5,1,6,0,21,0.6,4,0,1,0,1,0,0,34,14.7,320,7:27
592,Denis Pederson\pederde01,25,VAN,RW,61,4,8,12,0,65,0.4,3,0,1,3,7,1,0,70,5.7,713,11:42
593,Scott Pellerin\pellesc01,31,TOT,RW,77,11,33,44,2,51,3.9,7,2,2,2,23,9,1,138,8.0,1353,17:34
593,Scott Pellerin\pellesc01,31,MIN,RW,58,11,28,39,6,45,3.9,7,2,2,2,18,9,1,117,9.4,1082,18:40
593,Scott Pellerin\pellesc01,31,CAR,RW,19,0,5,5,-4,6,0.0,0,0,0,0,5,0,0,21,0.0,270,14:14
594,Ville Peltonen\peltovi01,27,NSH,LW,23,3,1,4,-7,2,0.1,3,0,0,0,1,0,0,38,7.9,268,11:40
595,Yanic Perreault\perreya01,29,TOR,C,76,24,28,52,0,52,5.9,19,5,0,2,15,13,0,134,17.9,1066,14:01
596,Ricard Persson\perssri01,31,OTT,D,33,1,8,9,8,35,2.0,1,0,0,1,6,2,0,43,2.3,564,17:06
597,Toby Petersen\peterto01,22,PIT,C,12,2,6,8,3,4,0.8,2,0,0,1,6,0,0,25,8.0,160,13:22
598,Oleg Petrov\petrool01,29,MTL,RW,81,17,30,47,-11,24,4.0,11,4,2,1,21,9,0,158,10.8,1503,18:33
599,Robert Petrovicky\petroro01,27,NYI,C,11,0,0,0,-1,4,-0.1,0,0,0,0,0,0,0,3,0.0,38,3:26
600,Ronald Petrovicky\petroro02,23,CGY,RW,30,4,5,9,0,54,0.8,3,1,0,1,4,1,0,30,13.3,346,11:33
601,Matt Pettinger\pettima01,20,WSH,LW,10,0,0,0,-1,2,-0.2,0,0,0,0,0,0,0,6,0.0,78,7:47
602,Chris Phillips\phillch02,22,OTT,D,73,2,12,14,8,31,3.3,0,2,0,0,8,4,0,77,2.6,1567,21:28
603,Michel Picard\picarmi01,31,PHI,LW,7,1,4,5,6,0,0.7,0,1,0,0,3,1,0,12,8.3,100,14:14
604,Rich Pilon\pilonri01,32,NYR,D,69,2,9,11,-2,175,1.4,2,0,0,0,9,0,0,24,8.3,1164,16:52
605,Lance Pitlick\pitlila01,33,FLA,D,68,1,2,3,-5,42,1.1,1,0,0,0,2,0,0,24,4.2,924,13:35
606,Domenic Pittis\pittido01,26,EDM,C,47,4,5,9,-5,49,0.2,4,0,0,2,5,0,0,42,9.5,506,10:46
607,Derek Plante\plantde01,30,PHI,C,12,1,2,3,0,4,0.1,1,0,0,0,2,0,0,20,5.0,198,16:30
608,Steve Poapst\poapsst01,32,CHI,D,36,2,3,5,3,12,1.6,2,0,0,0,1,1,1,27,7.4,614,17:03
609,Shjon Podein\podeish01,32,COL,RW,82,15,17,32,7,68,2.9,15,0,0,3,17,0,0,137,10.9,1180,14:23
610,Andrej Podkonicky\podkoan01,22,FLA,LW,6,1,0,1,0,2,0.1,1,0,0,0,0,0,0,5,20.0,36,6:04
611,Alexei Ponikarovsky\ponikal01,20,TOR,RW,22,1,3,4,-1,14,0.1,1,0,0,0,3,0,0,21,4.8,188,8:32
612,Peter Popovic\popovpe01,32,BOS,D,60,1,6,7,-5,48,1.6,1,0,0,0,6,0,0,34,2.9,1121,18:41
613,Marek Posmyk\posmyma01,22,TBL,D,1,0,0,0,-1,0,-0.1,0,0,0,0,0,0,0,0,,13,13:27
614,Brian Pothier\pothibr01,23,ATL,D,3,0,0,0,4,2,0.4,0,0,0,0,0,0,0,0,,62,20:38
615,Tom Poti\potito01,23,EDM,D,81,12,20,32,-4,60,5.7,6,6,0,3,7,12,1,161,7.5,1842,22:44
616,Patrick Poulin\poulipa01,27,MTL,LW,52,9,11,20,1,13,2.0,9,0,0,4,8,2,1,65,13.8,690,13:16
617,Nolan Pratt\prattno01,25,COL,D,46,1,2,3,2,40,0.9,1,0,0,1,2,0,0,26,3.8,452,9:50
618,Keith Primeau\primeke02,29,PHI,C,71,34,39,73,17,76,9.3,23,11,0,4,27,11,1,165,20.6,1418,19:58
619,Wayne Primeau\primewa01,24,TOT,C,75,3,19,22,-17,131,0.0,3,0,0,0,16,3,0,77,3.9,1024,13:39
619,Wayne Primeau\primewa01,24,TBL,C,47,2,13,15,-17,77,0.0,2,0,0,0,11,2,0,47,4.3,667,14:11
619,Wayne Primeau\primewa01,24,PIT,C,28,1,6,7,0,54,0.0,1,0,0,0,5,1,0,30,3.3,357,12:45
620,Bob Probert\probebo01,35,CHI,LW,79,7,12,19,-13,103,0.8,6,1,0,0,12,0,0,45,15.6,856,10:50
621,Chris Pronger*\prongch01,26,STL,D,51,8,39,47,21,75,9.0,4,4,0,0,14,23,2,121,6.6,1415,27:45
622,Vinny Prospal\prospva01,25,TOT,C,74,5,24,29,-1,22,1.6,4,1,0,0,16,8,0,136,3.7,1082,14:38
622,Vinny Prospal\prospva01,25,OTT,C,40,1,12,13,1,12,0.5,1,0,0,0,8,4,0,68,1.5,518,12:57
622,Vinny Prospal\prospva01,25,FLA,C,34,4,12,16,-2,10,1.1,3,1,0,0,8,4,0,68,5.9,564,16:36
623,Joel Prpic\prpicjo01,26,COL,C,3,0,0,0,0,2,-0.1,0,0,0,0,0,0,0,0,,29,9:47
624,Dale Purinton\purinda01,24,NYR,D,42,0,2,2,5,180,0.7,0,0,0,0,2,0,0,13,0.0,401,9:33
625,Jamie Pushor\pushoja01,27,CBJ,D,75,3,10,13,7,94,4.2,2,0,1,0,9,0,1,64,4.7,1561,20:48
626,Taylor Pyatt\pyattta01,19,NYI,LW,78,4,14,18,-17,39,0.1,3,1,0,2,12,2,0,86,4.7,954,12:14
627,Deron Quint\quintde01,24,CBJ,D,57,7,16,23,-19,16,3.5,4,3,0,0,8,8,0,148,4.7,1373,24:06
628,Stephane Quintal\quintst01,32,CHI,D,72,1,18,19,-9,60,3.1,1,0,0,0,16,2,0,109,0.9,1620,22:30
629,Karel Rachunek\rachuka01,21,OTT,D,71,3,30,33,17,60,6.0,0,3,0,0,15,14,1,77,3.9,1483,20:54
630,Brian Rafalski\rafalbr01,27,NJD,D,78,9,43,52,36,26,9.7,3,6,0,1,27,16,0,142,6.3,1691,21:41
631,Marcus Ragnarsson\ragnama01,29,SJS,D,68,3,12,15,2,44,3.9,2,1,0,0,7,4,1,74,4.1,1605,23:36
632,Brad Ralph\ralphbr01,20,PHX,LW,1,0,0,0,0,0,0.0,0,0,0,0,0,0,0,0,,5,5:16
633,Paul Ranheim\ranhepa01,35,PHI,LW,80,10,7,17,2,14,1.0,8,0,2,0,5,0,2,123,8.1,1036,12:57
634,Erik Rasmussen\rasmuer01,23,BUF,LW,82,12,19,31,0,51,2.7,11,1,0,3,18,1,0,95,12.6,1130,13:47
635,Peter Ratchuk\ratchpe01,23,FLA,D,8,0,0,0,-1,0,0.0,0,0,0,0,0,0,0,11,0.0,105,13:09
636,Mike Rathje\rathjmi01,26,SJS,D,81,0,11,11,7,48,3.8,0,0,0,0,8,3,0,89,0.0,1809,22:20
637,Rob Ray\rayro01,32,BUF,RW,63,4,6,10,2,210,1.0,4,0,0,1,6,0,0,33,12.1,355,5:38
638,Marty Reasoner\reasoma01,23,STL,C,41,4,9,13,-5,14,0.6,4,0,0,0,2,6,1,65,6.2,574,14:00
639,Mark Recchi*\recchma01,32,PHI,RW,69,27,50,77,15,33,8.7,19,7,1,8,32,17,1,191,14.1,1495,21:40
640,Wade Redden\reddewa01,23,OTT,D,78,10,37,47,22,49,8.9,6,4,0,0,19,18,0,159,6.3,1972,25:17
641,Joe Reekie\reekijo01,35,WSH,D,74,2,9,11,14,77,4.0,2,0,0,1,8,1,0,59,3.4,1392,18:49
642,Robyn Regehr\regehro01,20,CGY,D,71,1,3,4,-7,70,1.9,1,0,0,0,2,1,0,62,1.6,1400,19:43
643,Dave Reid\reidda02,36,COL,RW,73,1,9,10,1,21,-0.1,1,0,0,0,8,0,1,66,1.5,721,9:53
644,Steve Reinprecht\reinpst01,24,TOT,C,80,15,21,36,10,14,3.6,10,3,2,3,17,1,3,100,15.0,1075,13:26
644,Steve Reinprecht\reinpst01,24,LAK,C,59,12,17,29,11,12,3.2,7,3,2,3,14,1,2,72,16.7,747,12:39
644,Steve Reinprecht\reinpst01,24,COL,C,21,3,4,7,-1,2,0.4,3,0,0,0,3,0,1,28,10.7,328,15:38
645,Todd Reirden\reirdto01,29,STL,D,38,2,4,6,-2,43,1.4,1,1,0,0,2,2,0,58,3.4,640,16:50
646,Pascal Rheaume\rheaupa01,27,STL,LW,8,2,0,2,-1,5,0.2,0,2,0,0,0,0,0,16,12.5,95,11:56
647,Mike Ribeiro\ribeimi01,20,MTL,C,2,0,0,0,0,2,0.0,0,0,0,0,0,0,0,3,0.0,21,10:38
648,Mike Ricci\riccimi01,29,SJS,C,81,22,22,44,3,60,4.5,11,9,2,4,11,9,2,141,15.6,1457,18:00
649,Brad Richards\richabr01,20,TBL,C,82,21,41,62,-10,14,5.9,14,7,0,3,22,19,0,179,11.7,1386,16:54
650,Luke Richardson\richalu01,31,PHI,D,82,2,6,8,23,131,4.3,1,0,1,0,6,0,0,75,2.7,1698,20:42
651,Barry Richter\richtba01,30,MTL,D,2,0,0,0,-1,2,0.0,0,0,0,0,0,0,0,0,,21,10:44
652,Michel Riesen\riesemi01,21,EDM,RW,12,0,1,1,2,4,0.0,0,0,0,0,1,0,0,16,0.0,119,9:54
653,Jamie Rivers\riverja01,25,OTT,D,45,2,4,6,6,44,1.7,2,0,0,0,2,2,0,41,4.9,631,14:01
654,Craig Rivet\rivetcr01,26,MTL,D,26,1,2,3,-8,36,0.5,1,0,0,0,2,0,0,22,4.5,496,19:04
655,Gary Roberts\roberga01,34,TOR,LW,82,29,24,53,16,109,6.5,19,8,2,3,20,4,0,138,21.0,1405,17:08
656,Bert Robertsson\roberbe01,26,NYR,D,2,0,0,0,-1,4,-0.1,0,0,0,0,0,0,0,0,,11,5:37
657,Stephane Robidas\robidst01,23,MTL,D,65,6,6,12,0,14,3.9,5,1,0,0,5,1,0,77,7.8,1348,20:44
658,Luc Robitaille*\robitlu01,34,LAK,LW,82,37,51,88,10,66,10.3,20,16,1,4,22,29,0,235,15.7,1534,18:42
659,Randy Robitaille\robitra01,25,NSH,C,62,9,17,26,-11,12,2.0,4,5,0,0,11,6,0,121,7.4,879,14:10
660,Travis Roche\rochetr01,22,MIN,D,1,0,0,0,0,0,0.0,0,0,0,0,0,0,0,0,,15,15:22
661,Jeremy Roenick\roenije01,31,PHX,C,80,30,46,76,-1,114,8.0,17,13,0,7,33,13,0,192,15.6,1680,21:00
662,Stacy Roest\roestst01,26,MIN,C,76,7,20,27,3,20,2.2,6,1,0,1,16,4,0,125,5.6,1065,14:01
663,Brian Rolston\rolstbr01,27,BOS,LW,77,19,39,58,6,28,5.6,14,5,0,4,17,18,4,286,6.6,1488,19:19
664,Cliff Ronning\ronnicl01,35,NSH,C,80,19,43,62,4,28,6.6,13,6,0,4,18,25,0,237,8.0,1390,17:23
665,Jonas Ronnqvist\ronnqjo01,27,MDA,RW,38,0,4,4,-7,14,-0.4,0,0,0,0,3,1,0,30,0.0,404,10:37
666,Andre Roy\royan01,25,OTT,LW,64,3,5,8,1,169,0.6,3,0,0,0,5,0,0,33,9.1,294,4:36
667,Michal Rozsival\rozsimi01,22,PIT,D,30,1,4,5,3,26,0.9,1,0,0,0,3,1,0,17,5.9,513,17:06
668,Steve Rucchin\rucchst01,29,MDA,C,16,3,5,8,-5,0,0.5,1,2,0,0,2,2,1,19,15.8,301,18:47
669,Mike Rucinski\rucinmi02,25,CAR,D,2,0,0,0,0,0,0.0,0,0,0,0,0,0,0,2,0.0,27,13:18
670,Martin Rucinsky\rucinma01,29,MTL,LW,57,16,22,38,-5,66,3.8,10,5,1,4,13,9,0,141,11.3,1093,19:11
671,Darren Rumble\rumblda01,32,STL,D,12,0,4,4,7,27,1.2,0,0,0,0,1,1,2,11,0.0,219,18:13
672,Jarkko Ruutu\ruutuja01,25,VAN,LW,21,3,3,6,1,32,0.6,2,0,1,0,3,0,0,23,13.0,224,10:39
673,Joe Sacco\saccojo01,31,WSH,RW,69,7,7,14,4,48,1.0,7,0,0,0,7,0,0,81,8.6,770,11:10
674,Joe Sakic*\sakicjo01,31,COL,C,82,54,64,118,45,30,15.9,32,19,3,12,34,27,3,332,16.3,1887,23:01
675,Ruslan Salei\saleiru01,26,MDA,D,50,1,5,6,-14,70,1.2,1,0,0,0,5,0,0,73,1.4,1033,20:40
676,Sami Salo\salosa01,26,OTT,D,31,2,16,18,9,10,3.2,1,1,0,0,5,11,0,61,3.3,612,19:44
677,Bryce Salvador\salvabr01,24,STL,D,75,2,8,10,-4,69,2.3,2,0,0,1,8,0,0,60,3.3,1247,16:38
678,Sergei Samsonov\samsose01,22,BOS,LW,82,29,46,75,6,18,8.2,26,3,0,3,30,15,1,215,13.5,1590,19:23
679,Mikael Samuelsson\samuemi01,24,SJS,RW,4,0,0,0,0,0,0.0,0,0,0,0,0,0,0,3,0.0,19,4:41
680,Geoff Sanderson\sandege01,28,CBJ,LW,68,30,26,56,4,46,7.5,21,9,0,7,16,10,0,199,15.1,1130,16:37
681,Oleg Saprykin\sapryol01,19,CGY,RW,59,9,14,23,4,43,2.3,7,2,0,0,11,3,0,95,9.5,718,12:10
682,Yves Sarault\sarauyv01,28,ATL,LW,20,5,4,9,-9,26,0.6,3,2,0,0,4,0,0,44,11.4,263,13:08
683,Cory Sarich\saricco01,22,TBL,D,73,1,8,9,-25,106,0.6,1,0,0,1,7,0,1,66,1.5,1368,18:44
684,Miroslav Satan\satanmi01,26,BUF,RW,82,29,33,62,5,36,7.1,19,8,2,4,18,12,3,206,14.1,1635,19:56
685,Andre Savage\savagan01,25,BOS,C,1,0,0,0,0,0,0.0,0,0,0,0,0,0,0,1,0.0,5,4:38
686,Brian Savage\savagbr01,29,MTL,LW,62,21,24,45,-13,26,4.6,9,12,0,1,16,8,0,172,12.2,1168,18:50
687,Marc Savard\savarma01,23,CGY,C,77,23,42,65,-12,46,6.2,12,10,1,5,26,15,1,197,11.7,1480,19:13
688,Kevin Sawyer\sawyeke01,26,MDA,LW,9,0,1,1,-1,27,0.0,0,0,0,0,1,0,0,6,0.0,59,6:31
689,Dave Scatchard\scatcda01,24,NYI,C,81,21,24,45,-9,114,4.4,17,4,0,5,16,7,1,176,11.9,1363,16:50
690,Peter Schaefer\schaepe01,23,VAN,LW,82,16,20,36,4,22,3.2,9,3,4,2,13,6,1,163,9.8,1337,16:18
691,Petr Schastlivy\schaspe01,21,OTT,LW,17,3,2,5,-1,6,0.4,3,0,0,0,2,0,0,32,9.4,193,11:20
692,Mathieu Schneider\schnema01,31,LAK,D,73,16,35,51,0,56,8.0,8,7,1,2,14,20,1,183,8.7,1684,23:04
693,Ray Schultz\schulra01,24,NYI,D,13,0,2,2,-1,40,0.3,0,0,0,0,2,0,0,3,0.0,141,10:50
694,Daniel Sedin\sedinda01,20,VAN,C,75,20,14,34,-3,24,3.8,10,10,0,3,10,4,0,127,15.7,975,13:00
695,Henrik Sedin\sedinhe01,20,VAN,LW,82,9,20,29,-2,38,1.9,7,2,0,1,13,7,0,98,9.2,1109,13:31
696,Lubomir Sekeras\sekerlu01,32,MIN,D,80,11,23,34,-8,52,6.9,7,4,0,2,14,8,1,102,10.8,1697,21:13
697,Teemu Selanne*\selante01,30,TOT,RW,73,33,39,72,-7,36,8.2,21,12,0,7,20,19,0,233,14.2,1552,21:15
697,Teemu Selanne*\selante01,30,MDA,RW,61,26,33,59,-8,36,6.5,16,10,0,5,16,17,0,202,12.9,1333,21:51
697,Teemu Selanne*\selante01,30,SJS,RW,12,7,6,13,1,0,1.7,5,2,0,2,4,2,0,31,22.6,219,18:14
698,Alex Selivanov\selival01,29,CBJ,RW,59,8,11,19,-11,38,1.2,3,5,0,2,9,2,0,104,7.7,832,14:06
699,Sean Selmser\selmsse01,26,CBJ,LW,1,0,0,0,0,5,0.0,0,0,0,0,0,0,0,2,0.0,11,11:03
700,Brendan Shanahan*\shanabr01,32,DET,LW,81,31,45,76,9,81,8.9,15,15,1,7,24,21,0,278,11.2,1488,18:22
701,Darryl Shannon\shannda01,32,MTL,D,7,0,1,1,-4,6,0.0,0,0,0,0,1,0,0,6,0.0,126,18:03
702,Jeff Shantz\shantje01,27,CGY,C,73,5,15,20,-7,58,0.6,5,0,0,0,12,3,0,88,5.7,1084,14:51
703,Rob Shearer\shearro01,24,COL,C,2,0,0,0,-2,0,-0.1,0,0,0,0,0,0,0,0,,14,6:45
704,Jody Shelley\shelljo01,24,CBJ,LW,1,0,0,0,0,10,0.0,0,0,0,0,0,0,0,0,,2,1:33
705,Denis Shvidki\shvidde01,20,FLA,RW,43,6,10,16,6,16,1.8,6,0,0,1,7,3,0,28,21.4,445,10:21
706,Mike Sillinger\sillimi01,29,TOT,C,68,16,25,41,-11,48,3.4,15,1,0,2,12,12,1,119,13.4,1227,18:02
706,Mike Sillinger\sillimi01,29,FLA,C,55,13,21,34,-12,44,2.7,12,1,0,2,9,11,1,100,13.0,1038,18:52
706,Mike Sillinger\sillimi01,29,OTT,C,13,3,4,7,1,4,0.7,3,0,0,0,3,1,0,19,15.8,189,14:31
707,Jon Sim\simjo01,23,DAL,LW,15,0,3,3,-2,6,0.0,0,0,0,0,2,1,0,18,0.0,132,8:47
708,Roman Simicek\simicro01,29,TOT,C,57,5,10,15,-9,51,0.6,2,3,0,1,4,6,0,33,15.2,629,11:02
708,Roman Simicek\simicro01,29,PIT,C,29,3,6,9,-5,30,0.4,2,1,0,1,2,4,0,19,15.8,275,9:28
708,Roman Simicek\simicro01,29,MIN,C,28,2,4,6,-4,21,0.2,0,2,0,0,2,2,0,14,14.3,355,12:40
709,Chris Simon\simonch01,29,WSH,LW,60,10,10,20,-12,109,1.2,6,4,0,2,7,3,0,123,8.1,874,14:34
710,Reid Simpson\simpsre01,31,STL,LW,38,2,1,3,-3,96,0.0,2,0,0,1,1,0,0,23,8.7,264,6:57
711,Todd Simpson\simpsto01,27,TOT,D,38,1,4,5,-4,86,1.0,1,0,0,1,4,0,0,35,2.9,593,15:37
711,Todd Simpson\simpsto01,27,FLA,D,25,1,3,4,0,74,1.0,1,0,0,1,3,0,0,26,3.8,412,16:29
711,Todd Simpson\simpsto01,27,PHX,D,13,0,1,1,-4,12,0.0,0,0,0,0,1,0,0,9,0.0,181,13:56
712,Jarrod Skalde\skaldja01,29,ATL,C,19,1,2,3,-8,20,-0.4,1,0,0,0,2,0,0,24,4.2,265,13:57
713,Andrei Skopintsev\skopian01,29,ATL,D,17,1,3,4,-7,16,0.2,1,0,0,1,0,2,1,10,10.0,310,18:13
714,Martin Skoula\skoulma01,21,COL,D,82,8,17,25,8,38,5.2,5,3,0,2,11,6,0,108,7.4,1697,20:41
715,Karlis Skrastins\skraska01,26,NSH,D,82,1,11,12,-12,30,3.1,1,0,0,1,9,1,1,66,1.5,1574,19:12
716,Pavel Skrbek\skrbepa01,22,NSH,D,5,0,0,0,1,4,0.2,0,0,0,0,0,0,0,2,0.0,59,11:44
717,Jiri Slegr\slegrji01,29,TOT,D,75,8,26,34,-10,96,4.0,5,2,1,1,14,12,0,145,5.5,1452,19:21
717,Jiri Slegr\slegrji01,29,PIT,D,42,5,10,15,-9,60,1.3,4,0,1,1,7,3,0,67,7.5,740,17:37
717,Jiri Slegr\slegrji01,29,ATL,D,33,3,16,19,-1,36,2.7,1,2,0,0,7,9,0,78,3.8,712,21:34
718,Blake Sloan\sloanbl01,25,TOT,RW,47,3,2,5,-4,17,-0.1,3,0,0,1,2,0,0,45,6.7,514,10:56
718,Blake Sloan\sloanbl01,25,DAL,RW,33,2,2,4,-2,4,0.0,2,0,0,1,2,0,0,29,6.9,328,9:56
718,Blake Sloan\sloanbl01,25,CBJ,RW,14,1,0,1,-2,13,-0.2,1,0,0,0,0,0,0,16,6.3,186,13:19
719,Richard Smehlik\smehlri01,31,BUF,D,56,3,12,15,6,4,4.0,3,0,0,1,8,2,2,40,7.5,1087,19:25
720,Brandon Smith\smithbr04,27,BOS,D,3,1,0,1,-1,0,0.1,0,1,0,0,0,0,0,2,50.0,20,6:46
721,Jason Smith\smithja01,27,EDM,D,82,5,15,20,14,120,5.1,3,1,1,0,15,0,0,140,3.6,1776,21:40
722,Mark Smith\smithma01,23,SJS,C,42,2,2,4,2,51,0.1,2,0,0,0,2,0,0,39,5.1,370,8:48
723,Steve Smith\smithst05,37,CGY,D,13,0,2,2,-2,17,0.4,0,0,0,0,2,0,0,3,0.0,247,19:00
724,Wyatt Smith\smithwy01,23,PHX,C,42,3,7,10,7,13,0.7,2,0,1,0,6,0,1,40,7.5,518,12:20
725,Bryan Smolinski\smolibr01,29,LAK,LW,78,27,32,59,10,40,6.4,19,5,3,5,15,16,1,183,14.8,1445,18:32
726,Peter Smrek\smrekpe01,21,TOT,D,20,2,3,5,2,14,1.0,2,0,0,1,1,1,1,14,14.3,313,15:39
726,Peter Smrek\smrekpe01,21,NYR,D,14,0,3,3,1,12,0.4,0,0,0,0,1,1,1,9,0.0,235,16:47
726,Peter Smrek\smrekpe01,21,STL,D,6,2,0,2,1,2,0.6,2,0,0,1,0,0,0,5,40.0,78,13:01
727,Brad Smyth\smythbr01,27,NYR,RW,4,1,0,1,0,4,0.1,1,0,0,0,0,0,0,10,10.0,56,13:57
728,Ryan Smyth\smythry01,24,EDM,RW,82,31,39,70,10,58,7.8,20,11,0,6,23,14,2,245,12.7,1637,19:58
729,Dan Snyder\snydeda01,22,ATL,C,2,0,0,0,0,0,0.0,0,0,0,0,0,0,0,2,0.0,14,6:55
730,Brent Sopel\sopelbr01,24,VAN,D,52,4,10,14,4,10,2.8,4,0,0,1,7,3,0,57,7.0,833,16:01
731,Sheldon Souray\sourash01,24,MTL,D,52,3,8,11,-11,95,2.2,3,0,0,2,6,1,1,103,2.9,1072,20:36
732,Jaroslav Spacek\spaceja01,26,TOT,D,62,7,19,26,3,28,5.1,4,3,0,1,9,7,3,106,6.6,1306,21:04
732,Jaroslav Spacek\spaceja01,26,CHI,D,50,5,18,23,7,20,4.6,3,2,0,1,9,7,2,85,5.9,1076,21:31
732,Jaroslav Spacek\spaceja01,26,FLA,D,12,2,1,3,-4,8,0.5,1,1,0,0,0,0,1,21,9.5,230,19:12
733,Martin Spanhel\spanhma01,23,CBJ,LW,6,1,0,1,-1,2,0.1,1,0,0,0,0,0,0,8,12.5,75,12:29
734,Martin St. Louis*\stlouma01,25,TBL,LW,78,18,22,40,-4,12,3.9,12,3,3,4,17,4,1,141,12.8,1189,15:14
735,Steve Staios\staiost01,27,ATL,D,70,9,13,22,-23,137,2.4,5,4,0,0,6,7,0,156,5.8,1522,21:45
736,Mike Stapleton\staplmi01,34,TOT,C,52,2,6,8,-11,10,-0.2,1,1,0,0,5,1,0,31,6.5,491,9:26
736,Mike Stapleton\staplmi01,34,NYI,C,34,1,4,5,-5,2,-0.1,1,0,0,0,3,1,0,22,4.5,311,9:09
736,Mike Stapleton\staplmi01,34,VAN,C,18,1,2,3,-6,8,-0.1,0,1,0,0,2,0,0,9,11.1,179,9:58
737,Patrik Stefan\stefapa01,20,ATL,C,66,10,21,31,-3,22,2.4,10,0,0,1,13,6,2,93,10.8,932,14:07
738,Kevin Stevens\steveke01,35,TOT,LW,55,10,22,32,-6,73,2.3,8,2,0,0,18,4,0,107,9.3,877,15:56
738,Kevin Stevens\steveke01,35,PIT,LW,32,8,15,23,-4,55,1.7,6,2,0,0,11,4,0,76,10.5,584,18:15
738,Kevin Stevens\steveke01,35,PHI,LW,23,2,7,9,-2,18,0.5,2,0,0,0,7,0,0,31,6.5,293,12:43
739,Scott Stevens*\stevesc01,36,NJD,D,81,9,22,31,40,71,8.1,6,3,0,2,14,7,1,171,5.3,1994,24:37
740,Jeremy Stevenson\steveje01,26,NSH,LW,8,1,0,1,-1,39,0.1,1,0,0,0,0,0,0,6,16.7,51,6:24
741,Turner Stevenson\stevetu01,28,NJD,RW,69,8,18,26,11,97,2.4,6,2,0,1,11,7,0,92,8.7,759,11:00
742,Cam Stewart\stewaca01,29,MIN,LW,54,4,9,13,-3,18,0.7,3,0,1,0,8,1,0,61,6.6,713,13:12
743,Cory Stillman\stillco01,27,TOT,LW,78,24,28,52,-8,51,5.1,14,10,0,4,20,8,0,174,13.8,1467,18:48
743,Cory Stillman\stillco01,27,CGY,LW,66,21,24,45,-6,45,4.5,14,7,0,4,17,7,0,148,14.2,1243,18:50
743,Cory Stillman\stillco01,27,STL,LW,12,3,4,7,-2,6,0.6,0,3,0,0,3,1,0,26,11.5,223,18:37
744,P.J. Stock\stockpj01,25,TOT,C,51,2,5,7,-3,110,0.2,2,0,0,0,5,0,0,27,7.4,352,6:54
744,P.J. Stock\stockpj01,25,PHI,C,31,1,3,4,-2,78,0.0,1,0,0,0,3,0,0,18,5.6,242,7:48
744,P.J. Stock\stockpj01,25,MTL,C,20,1,2,3,-1,32,0.2,1,0,0,0,2,0,0,9,11.1,110,5:31
745,Martin Straka\strakma01,28,PIT,LW,82,27,68,95,19,38,9.0,19,7,1,4,34,33,1,185,14.6,1888,23:01
746,Jason Strudwick\strudja01,25,VAN,D,60,1,4,5,16,64,2.3,1,0,0,1,4,0,0,21,4.8,599,9:59
747,Brad Stuart\stuarbr02,21,SJS,D,77,5,18,23,10,56,5.5,4,1,0,2,12,6,0,119,4.2,1547,20:06
748,Jozef Stumpel\stumpjo01,28,LAK,C,63,16,39,55,20,14,5.7,7,9,0,6,29,9,1,95,16.8,1234,19:35
749,Marco Sturm\sturmma01,22,SJS,LW,81,14,18,32,9,28,2.9,9,2,3,5,16,2,0,153,9.2,1304,16:06
750,Radoslav Suchy\suchyra01,24,PHX,D,72,0,10,10,1,22,2.4,0,0,0,0,8,0,2,33,0.0,1235,17:09
751,Mike Sullivan\sullimi01,32,PHX,LW,72,5,4,9,-6,16,-0.3,2,0,3,0,4,0,0,59,8.5,922,12:48
752,Steve Sullivan\sullist01,26,CHI,RW,81,34,41,75,3,54,8.8,20,6,8,3,29,10,2,204,16.7,1664,20:32
753,Mats Sundin*\sundima01,29,TOR,C,82,28,46,74,15,76,8.2,19,9,0,6,32,13,1,226,12.4,1587,19:21
754,Niklas Sundstrom\sundsni01,25,SJS,RW,82,10,39,49,10,28,4.2,5,4,1,0,28,9,2,100,10.0,1372,16:44
755,Maxim Sushinsky\sushima01,26,MIN,RW,30,7,4,11,-7,29,1.0,4,3,0,0,3,1,0,62,11.3,420,14:01
756,Gary Suter\suterga01,36,SJS,D,68,10,24,34,8,84,6.9,6,4,0,1,8,16,0,157,6.4,1459,21:27
757,Ron Sutter\suttero01,37,CGY,C,21,1,3,4,4,12,0.3,1,0,0,0,3,0,0,16,6.3,248,11:49
758,Andy Sutton\suttoan01,25,MIN,D,69,3,4,7,-11,131,1.7,1,2,0,0,4,0,0,64,4.7,891,12:55
759,Ken Sutton\suttoke01,31,NJD,D,53,1,7,8,9,37,2.0,1,0,0,0,7,0,0,35,2.9,834,15:44
760,Per Svartvadet\svartpe01,25,ATL,C,69,10,11,21,-6,20,1.1,8,0,2,1,10,1,0,98,10.2,1015,14:42
761,Robert Svehla\svehlro01,32,FLA,D,82,6,22,28,-8,76,5.3,6,0,0,0,19,3,0,121,5.0,2097,25:34
762,Petr Svoboda\svobope01,34,TBL,D,19,1,3,4,-4,41,0.6,1,0,0,0,3,0,0,16,6.3,357,18:48
763,Petr Svoboda\svobope02,20,TOR,D,18,1,2,3,-5,10,0.3,0,1,0,0,1,1,0,17,5.9,269,14:58
764,Brian Swanson\swansbr01,24,EDM,C,16,1,1,2,-1,6,-0.1,1,0,0,0,1,0,0,8,12.5,175,10:55
765,Don Sweeney\sweendo01,34,BOS,D,72,2,10,12,-1,26,2.8,1,1,0,1,7,3,0,60,3.3,1387,19:16
766,Darryl Sydor\sydorda01,28,DAL,D,81,10,37,47,5,34,8.5,2,8,0,1,18,19,0,140,7.1,1735,21:25
767,Michal Sykora\sykormi01,27,PHI,D,49,5,11,16,9,26,3.6,3,1,1,1,7,4,0,71,7.0,806,16:27
768,Petr Sykora\sykorpe01,24,NJD,RW,73,35,46,81,36,32,10.6,24,9,2,3,30,15,1,249,14.1,1295,17:44
769,Dean Sylvester\sylvede01,28,ATL,RW,43,5,6,11,-16,8,-0.1,4,1,0,0,2,4,0,82,6.1,605,14:04
770,Chris Tamer\tamerch01,30,ATL,D,82,4,13,17,-1,128,3.1,3,0,1,1,13,0,0,90,4.4,1615,19:42
771,David Tanabe\tanabda01,20,CAR,D,74,7,22,29,-9,42,5.3,2,5,0,1,11,11,0,130,5.4,1326,17:55
772,Alex Tanguay\tangual01,21,COL,LW,82,27,50,77,35,37,9.3,19,7,1,3,39,11,0,135,20.0,1464,17:51
773,Brad Tapper\tappebr01,22,ATL,RW,16,2,3,5,1,6,0.4,2,0,0,0,3,0,0,21,9.5,204,12:44
774,Chris Taylor\tayloch01,28,BUF,C,14,0,2,2,1,6,0.0,0,0,0,0,2,0,0,21,0.0,156,11:08
775,Tim Taylor\tayloti01,31,NYR,C,38,2,5,7,-6,16,0.0,2,0,0,1,5,0,0,34,5.9,340,8:57
776,Petr Tenkrat\tenkrpe01,23,MDA,RW,46,5,9,14,-11,16,0.7,5,0,0,2,4,5,0,79,6.3,589,12:48
777,Joey Tetarenko\tetarjo01,22,FLA,D,29,3,1,4,-1,44,0.9,3,0,0,0,1,0,0,21,14.3,180,6:12
778,Chris Therien\therich01,29,PHI,D,73,2,12,14,22,48,4.7,1,1,0,0,10,2,0,103,1.9,1507,20:38
779,Scott Thomas\thomasc01,31,LAK,LW,24,3,1,4,0,9,0.3,3,0,0,0,1,0,0,16,18.8,195,8:07
780,Steve Thomas\thomast01,37,TOR,RW,57,8,26,34,0,46,2.7,7,1,0,1,19,7,0,140,5.7,914,16:02
781,Rocky Thompson\thompro01,23,FLA,RW,4,0,0,0,0,19,0.0,0,0,0,0,0,0,0,0,,6,1:28
782,Joe Thornton\thornjo01,21,BOS,C,72,37,34,71,-4,107,8.3,17,19,1,5,27,7,0,181,20.4,1566,21:45
783,Scott Thornton\thornsc01,30,SJS,LW,73,19,17,36,4,114,4.1,15,4,0,1,12,5,0,159,11.9,1015,13:54
784,Billy Tibbetts\tibbebi01,26,PIT,RW,29,1,2,3,-2,79,-0.1,1,0,0,0,2,0,0,16,6.3,210,7:14
785,Brad Tiley\tileybr01,29,PHI,D,2,0,0,0,-1,0,0.0,0,0,0,0,0,0,0,1,0.0,32,15:46
786,Mattias Timander\timanma01,26,CBJ,D,76,2,9,11,-8,24,2.8,2,0,0,1,7,2,0,68,2.9,1599,21:02
787,Kimmo Timonen\timonki01,25,NSH,D,82,12,13,25,-6,50,6.5,6,6,0,3,5,8,0,151,7.9,1901,23:11
788,German Titov\titovge01,35,MDA,LW,71,9,11,20,-21,61,0.5,8,1,0,0,7,4,0,78,11.5,1128,15:53
789,Keith Tkachuk\tkachke01,28,TOT,LW,76,35,44,79,3,122,9.3,18,17,0,5,30,13,1,271,12.9,1527,20:06
789,Keith Tkachuk\tkachke01,28,PHX,LW,64,29,42,71,6,108,8.3,14,15,0,4,29,12,1,230,12.6,1291,20:11
789,Keith Tkachuk\tkachke01,28,STL,LW,12,6,2,8,-3,14,1.0,4,2,0,1,1,1,0,41,14.6,236,19:39
790,Daniel Tkaczuk\tkaczda01,21,CGY,C,19,4,7,11,1,14,1.2,3,1,0,0,6,1,0,34,11.8,233,12:14
791,Rick Tocchet\tocchri01,36,PHI,RW,60,14,22,36,10,83,4.0,9,5,0,2,18,4,0,76,18.4,920,15:20
792,Jeff Toms\tomsje01,26,TOT,LW,54,3,5,8,-10,10,0.0,3,0,0,0,3,2,0,49,6.1,478,8:51
792,Jeff Toms\tomsje01,26,NYI,LW,39,2,4,6,-7,10,0.0,2,0,0,0,2,2,0,37,5.4,380,9:44
792,Jeff Toms\tomsje01,26,NYR,LW,15,1,1,2,-3,0,0.0,1,0,0,0,1,0,0,12,8.3,98,6:34
793,Patrick Traverse\travepa01,26,TOT,D,71,5,9,14,-10,30,2.8,4,1,0,1,4,5,0,62,8.1,1286,18:07
793,Patrick Traverse\travepa01,26,BOS,D,37,2,6,8,4,14,2.0,1,1,0,1,3,3,0,39,5.1,616,16:38
793,Patrick Traverse\travepa01,26,MTL,D,19,2,3,5,-8,10,0.7,2,0,0,0,1,2,0,16,12.5,411,21:36
793,Patrick Traverse\travepa01,26,MDA,D,15,1,0,1,-6,6,0.1,1,0,0,0,0,0,0,7,14.3,260,17:19
794,Dan Trebil\trebida01,26,TOT,D,26,0,0,0,0,7,0.2,0,0,0,0,0,0,0,26,0.0,350,13:28
794,Dan Trebil\trebida01,26,PIT,D,16,0,0,0,-1,7,-0.1,0,0,0,0,0,0,0,17,0.0,208,12:59
794,Dan Trebil\trebida01,26,STL,D,10,0,0,0,1,0,0.2,0,0,0,0,0,0,0,9,0.0,142,14:14
795,Yannick Tremblay\trembya01,25,ATL,D,46,4,8,12,-6,30,1.8,3,1,0,1,5,3,0,102,3.9,940,20:27
796,Pascal Trepanier\trepapa01,27,MDA,D,57,6,4,10,-12,73,2.1,3,3,0,0,3,1,0,86,7.0,957,16:47
797,Pavel Trnka\trnkapa01,24,MDA,D,59,1,7,8,-12,42,1.7,1,0,0,0,4,3,0,59,1.7,1187,20:07
798,Vladimir Tsyplakov\tsyplvl01,31,BUF,LW,36,7,7,14,2,10,1.6,7,0,0,0,7,0,0,39,17.9,407,11:18
799,Darcy Tucker\tuckeda01,25,TOR,RW,82,16,21,37,6,141,3.3,14,2,0,4,19,2,0,122,13.1,1325,16:09
800,Marko Tuomainen\tuomama01,28,LAK,RW,11,0,1,1,1,4,-0.1,0,0,0,0,1,0,0,12,0.0,103,9:22
801,Pierre Turgeon\turgepi01,31,STL,C,79,30,52,82,14,37,9.8,19,11,0,6,32,20,0,171,17.5,1488,18:50
802,Tony Tuzzolino\tuzzoto01,25,NYR,RW,6,0,0,0,-1,5,-0.1,0,0,0,0,0,0,0,3,0.0,22,3:41
803,Oleg Tverdovsky\tverdol01,24,MDA,D,82,14,39,53,-11,32,9.0,6,8,0,3,11,28,0,188,7.4,2002,24:25
804,Igor Ulanov\ulanoig01,31,EDM,D,67,3,20,23,15,90,5.1,2,1,0,0,11,6,3,74,4.1,1542,23:01
805,Jeff Ulmer\ulmerje01,23,NYR,RW,21,3,0,3,-6,8,-0.1,3,0,0,0,0,0,0,22,13.6,218,10:23
806,Ossi Vaananen\vaanaos01,20,PHX,D,81,4,12,16,9,90,4.4,4,0,0,2,10,2,0,69,5.8,1552,19:09
807,Rob Valicevic\valicro01,30,NSH,LW,60,8,6,14,-2,26,1.0,7,1,0,4,6,0,0,62,12.9,846,14:06
808,Garry Valk\valkga01,33,TOR,RW,74,8,18,26,4,46,2.1,7,1,0,2,15,3,0,87,9.2,854,11:33
809,Shaun Van Allen\vanalsh01,33,DAL,C,59,7,16,23,5,16,2.2,5,0,2,3,15,0,1,51,13.7,712,12:05
810,Darren Van Impe\vanimda01,27,BOS,D,31,3,10,13,-9,41,1.6,1,2,0,0,2,8,0,40,7.5,626,20:11
811,Mike Van Ryn\vanrymi01,21,STL,D,1,0,0,0,-2,0,-0.1,0,0,0,0,0,0,0,1,0.0,14,13:43
812,Ryan VandenBussche\vandery01,27,CHI,RW,64,2,5,7,-8,146,-0.2,2,0,0,0,5,0,0,24,8.3,497,7:46
813,Vaclav Varada\varadva01,24,BUF,RW,75,10,21,31,-2,81,2.4,8,2,0,2,19,2,0,112,8.9,1196,15:57
814,Josef Vasicek\vasicjo01,20,CAR,C,76,8,13,21,-8,53,1.4,7,1,0,0,12,1,0,103,7.8,898,11:49
815,Herbert Vasiljevs\vasilhe01,24,ATL,RW,21,4,5,9,-11,14,0.3,2,2,0,1,2,2,1,41,9.8,336,16:01
816,Pat Verbeek\verbepa01,36,DET,RW,67,15,15,30,0,73,3.1,8,7,0,0,10,5,0,113,13.3,905,13:31
817,J.P. Vigier\vigiejp01,24,ATL,RW,2,0,0,0,-2,0,-0.1,0,0,0,0,0,0,0,1,0.0,20,9:56
818,Vitaly Vishnevski\vishnvi01,20,MDA,D,76,1,10,11,-1,99,3.3,1,0,0,0,9,0,1,49,2.0,1462,19:14
819,Lubomir Visnovsky\visnolu01,24,LAK,D,81,7,32,39,16,36,6.9,4,3,0,3,21,11,0,105,6.7,1375,16:58
820,Tomas Vlasak\vlasato01,25,LAK,LW,10,1,3,4,4,2,0.4,1,0,0,0,3,0,0,15,6.7,115,11:28
821,Reto Von Arx\vonarre01,24,CHI,LW,19,3,1,4,-4,4,0.2,3,0,0,1,1,0,0,12,25.0,217,11:26
822,David Vyborny\vyborda01,26,CBJ,RW,79,13,19,32,-9,22,2.5,8,5,0,1,12,7,0,125,10.4,1219,15:25
823,Sergei Vyshedkevich\vyshese01,26,ATL,D,23,1,2,3,-7,14,0.2,1,0,0,0,1,1,0,28,3.6,473,20:34
824,Scott Walker\walkesc01,27,NSH,RW,74,25,29,54,-2,66,6.1,13,9,3,1,13,14,2,159,15.7,1427,19:17
825,Jesse Wallin\wallije01,22,DET,D,1,0,0,0,0,2,0.0,0,0,0,0,0,0,0,1,0.0,4,3:50
826,Niclas Wallin\wallini01,25,CAR,D,37,2,3,5,-11,21,0.8,2,0,0,0,3,0,0,19,10.5,553,14:57
827,Wes Walz\walzwe01,30,MIN,C,82,18,12,30,-8,37,2.8,11,0,7,3,9,1,2,152,11.8,1373,16:45
828,Aaron Ward\wardaa01,28,DET,D,73,4,5,9,-4,57,2.4,4,0,0,1,4,0,1,48,8.3,1241,17:00
829,Dixon Ward\warddi01,32,BOS,C,63,5,13,18,-1,65,1.0,5,0,0,0,13,0,0,88,5.7,796,12:38
830,Ed Ward\warded01,31,NJD,RW,4,0,1,1,2,6,0.1,0,0,0,0,1,0,0,4,0.0,19,4:48
831,Jason Ward\wardja01,22,MTL,RW,12,0,0,0,3,12,0.0,0,0,0,0,0,0,0,4,0.0,99,8:16
832,Lance Ward\wardla01,22,FLA,D,30,0,2,2,-3,45,0.5,0,0,0,0,2,0,0,17,0.0,475,15:50
833,Rhett Warrener\warrerh01,25,BUF,D,77,3,16,19,10,78,5.5,3,0,0,2,12,3,1,103,2.9,1570,20:24
834,Todd Warriner\warrito01,27,TBL,LW,64,10,11,21,-13,46,1.1,5,3,2,1,6,5,0,99,10.1,942,14:43
835,Steve Washburn\washbst01,25,PHI,C,3,0,0,0,0,0,0.0,0,0,0,0,0,0,0,0,,21,7:04
836,Mike Watt\wattmi01,24,NSH,RW,18,1,1,2,-2,8,0.0,1,0,0,1,1,0,0,18,5.6,199,11:02
837,Steve Webb\webbst01,25,NYI,C,31,0,2,2,1,35,-0.1,0,0,0,0,2,0,0,8,0.0,200,6:26
838,Doug Weight\weighdo01,30,EDM,C,82,25,65,90,12,91,9.0,17,8,0,3,33,32,0,188,13.3,1815,22:08
839,Eric Weinrich\weinrer01,34,TOT,D,82,7,24,31,-9,44,6.1,4,3,0,2,15,9,0,109,6.4,2036,24:50
839,Eric Weinrich\weinrer01,34,MTL,D,60,6,19,25,-1,34,5.4,4,2,0,1,12,7,0,81,7.4,1467,24:27
839,Eric Weinrich\weinrer01,34,BOS,D,22,1,5,6,-8,10,0.7,0,1,0,1,3,2,0,28,3.6,569,25:52
840,Brad Werenka\werenbr01,31,CGY,D,33,1,4,5,-3,16,1.2,1,0,0,0,2,2,0,23,4.3,595,18:02
841,Glen Wesley\weslegl01,32,CAR,D,71,5,16,21,-2,42,5.2,2,3,0,0,9,7,0,92,5.4,1587,22:21
842,Tommy Westlund\westlto01,26,CAR,C,79,5,3,8,-9,23,0.0,5,0,0,1,3,0,0,47,10.6,740,9:22
843,Colin White\whiteco01,23,NJD,D,82,1,19,20,32,155,5.3,1,0,0,1,13,4,2,114,0.9,1567,19:06
844,Peter White\whitepe01,31,PHI,C,77,9,16,25,1,16,1.8,8,1,0,1,12,2,2,68,13.2,995,12:56
845,Todd White\whiteto02,25,OTT,C,16,4,1,5,5,4,0.9,4,0,0,0,0,1,0,12,33.3,137,8:33
846,Trent Whitfield\whitftr01,23,WSH,C,61,2,4,6,3,35,0.0,2,0,0,0,4,0,0,47,4.3,589,9:39
847,Ray Whitney\whitnra01,28,TOT,LW,46,10,24,34,-17,30,2.6,5,5,0,0,14,10,0,120,8.3,821,17:51
847,Ray Whitney\whitnra01,28,FLA,LW,43,10,21,31,-16,28,2.4,5,5,0,0,14,7,0,117,8.5,760,17:41
847,Ray Whitney\whitnra01,28,CBJ,LW,3,0,3,3,-1,2,0.2,0,0,0,0,0,3,0,3,0.0,61,20:17
848,Jason Wiemer\wiemeja01,24,CGY,C,65,10,5,15,-15,177,0.6,7,3,0,1,4,1,0,76,13.2,905,13:56
849,David Wilkie\wilkida01,26,NYR,D,1,0,0,0,-2,2,-0.2,0,0,0,0,0,0,0,1,0.0,12,11:33
850,Jason Williams\willija01,20,DET,RW,5,0,3,3,1,2,0.2,0,0,0,0,3,0,0,7,0.0,62,12:24
851,Justin Williams\williju01,19,PHI,RW,63,12,13,25,6,22,2.7,12,0,0,0,9,4,0,99,12.1,789,12:31
852,Shane Willis\willish01,23,CAR,RW,73,20,24,44,-6,45,4.7,11,9,0,6,15,9,0,172,11.6,1166,15:58
853,Clarke Wilm\wilmcl01,24,CGY,C,81,7,8,15,-11,69,0.0,5,2,0,0,7,1,0,85,8.2,1149,14:11
854,Landon Wilson\wilsola02,25,PHX,RW,70,18,13,31,3,92,3.8,16,2,0,3,9,4,0,123,14.6,800,11:26
855,Mike Wilson\wilsomi02,25,FLA,D,19,0,1,1,-7,25,-0.2,0,0,0,0,1,0,0,26,0.0,253,13:20
856,Johan Witehall\witehjo01,29,TOT,LW,41,1,4,5,-5,14,-0.3,1,0,0,0,4,0,0,34,2.9,405,9:53
856,Johan Witehall\witehjo01,29,MTL,LW,26,1,1,2,0,6,-0.1,1,0,0,0,1,0,0,18,5.6,267,10:17
856,Johan Witehall\witehjo01,29,NYR,LW,15,0,3,3,-5,8,-0.2,0,0,0,0,3,0,0,16,0.0,138,9:11
857,Brendan Witt\wittbr01,25,WSH,D,72,3,3,6,2,101,2.8,3,0,0,0,3,0,0,87,3.4,1489,20:41
858,Jason Woolley\woollja01,31,BUF,D,67,5,18,23,0,46,4.7,1,4,0,3,6,12,0,92,5.4,1164,17:22
859,Peter Worrell\worrepe01,23,FLA,LW,71,3,7,10,-10,248,-0.2,3,0,0,0,6,1,0,86,3.5,672,9:28
860,Mark Wotton\wottoma01,27,DAL,D,1,0,0,0,0,0,0.0,0,0,0,0,0,0,0,0,,14,13:45
861,Bob Wren\wrenbo01,26,MDA,C,1,0,0,0,-1,0,-0.1,0,0,0,0,0,0,0,0,,12,11:41
862,Jamie Wright\wrighja01,24,DAL,LW,2,1,0,1,-3,0,0.1,1,0,0,0,0,0,0,4,25.0,22,10:45
863,Tyler Wright\wrighty01,27,CBJ,C,76,16,16,32,-9,140,2.7,11,4,1,2,12,4,0,141,11.3,1344,17:41
864,Vitali Yachmenev\yachmvi01,26,NSH,LW,78,15,19,34,-5,10,2.9,10,4,1,4,13,6,0,123,12.2,1393,17:52
865,Terry Yake\yakete01,32,WSH,RW,12,0,3,3,0,8,0.1,0,0,0,0,2,1,0,13,0.0,146,12:11
866,Alexei Yashin\yashial01,27,OTT,C,82,40,48,88,10,30,10.5,25,13,2,10,31,17,0,263,15.2,1672,20:24
867,Stephane Yelle\yellest01,26,COL,C,50,4,10,14,-3,20,0.4,3,0,1,0,10,0,0,54,7.4,723,14:28
868,Juha Ylonen\yloneju01,28,PHX,C,69,9,14,23,10,38,2.0,8,0,1,1,11,0,3,72,12.5,987,14:18
869,Jason York\yorkja01,30,OTT,D,74,6,16,22,7,72,4.6,3,3,0,2,13,3,0,133,4.5,1762,23:49
870,Mike York\yorkmi01,23,NYR,C,79,14,17,31,1,20,1.8,9,3,2,4,13,2,2,171,8.2,1403,17:45
871,Scott Young\youngsc01,33,STL,RW,81,40,33,73,15,30,9.8,23,14,3,7,16,16,1,321,12.5,1563,19:18
872,Dmitry Yushkevich\yushkdm01,29,TOR,D,81,5,19,24,-2,52,4.8,4,1,0,0,12,7,0,110,4.5,1963,24:14
873,Steve Yzerman*\yzermst01,35,DET,C,54,18,34,52,4,18,5.4,13,5,0,7,18,15,1,155,11.6,1201,22:14
874,Rob Zamuner\zamunro01,31,OTT,LW,79,19,18,37,7,52,3.9,16,1,2,4,17,1,0,123,15.4,1167,14:46
875,Richard Zednik\zedniri01,25,TOT,RW,74,19,25,44,-4,71,4.4,14,5,0,3,22,3,0,178,10.7,1185,16:01
875,Richard Zednik\zedniri01,25,WSH,RW,62,16,19,35,-2,61,3.5,12,4,0,3,17,2,0,155,10.3,963,15:32
875,Richard Zednik\zedniri01,25,MTL,RW,12,3,6,9,-2,10,0.8,2,1,0,0,5,1,0,23,13.0,222,18:29
876,Valeri Zelepukin\zelepva01,32,CHI,LW,36,3,4,7,-14,18,-0.2,1,0,2,0,4,0,0,38,7.9,436,12:07
877,Rob Zettler\zettlro01,32,WSH,D,29,0,4,4,0,55,0.8,0,0,0,0,4,0,0,17,0.0,352,12:08
878,Alex Zhamnov\zhamnal01,30,CHI,C,63,13,36,49,-12,40,3.9,9,3,1,3,18,17,1,117,11.1,1339,21:15
879,Alexei Zhitnik\zhitnal01,28,BUF,D,78,8,29,37,-3,75,7.3,3,5,0,1,12,17,0,149,5.4,1892,24:15
880,Sergei Zholtok\zholtse01,28,TOT,C,69,5,26,31,-7,30,1.8,4,1,0,0,15,11,0,139,3.6,979,14:11
880,Sergei Zholtok\zholtse01,28,EDM,C,37,4,16,20,8,22,1.9,3,1,0,0,11,5,0,61,6.6,478,12:55
880,Sergei Zholtok\zholtse01,28,MTL,C,32,1,10,11,-15,8,-0.1,1,0,0,0,4,6,0,78,1.3,500,15:38
881,Thomas Ziegler\zieglth01,22,TBL,C,5,0,0,0,-2,0,-0.1,0,0,0,0,0,0,0,2,0.0,25,4:57
882,Sergei Zubov*\zubovse01,30,DAL,D,79,10,41,51,22,24,10.7,4,6,0,1,19,20,2,173,5.8,2102,26:37
883,Dainius Zubrus\zubruda01,22,TOT,RW,61,13,13,26,-11,37,2.0,9,4,0,0,9,4,0,83,15.7,1063,17:26
883,Dainius Zubrus\zubruda01,22,MTL,RW,49,12,12,24,-7,30,2.1,9,3,0,0,8,4,0,70,17.1,906,18:30
883,Dainius Zubrus\zubruda01,22,WSH,RW,12,1,1,2,-4,7,-0.1,0,1,0,0,1,0,0,13,7.7,157,13:05
884,Andrei Zyuzin\zyuzian01,23,TBL,D,64,4,16,20,-8,76,3.2,1,2,1,1,13,3,0,92,4.3,1193,18:39
